(n, d, k);[Gematria of ELS];ELS Search Term;Found in WordNumber In Text;WordCoordinatesDWTK;Found in Word In Text;LetterPositionIndex In Word;LetterCoordinatesD5K of First Letter in ELS;Found In Verse
(318975, 3, 5);[8, 10, 300, 40, 5];המשיח;79445;(39, 26, 3, 7, 79445);וחמשים;2;(39, 26, 3, 23, 318975);בן שש עשרה שנה עזיהו במלכו וחמשים ושתים שנה מלך בירושלם ושם אמו יכיליה  מן ירושלם
(332116, 3, 5);[8, 10, 300, 40, 5];המשיח;82522;(39, 33, 19, 21, 82522);חוזי;1;(39, 33, 19, 90, 332116);ותפלתו והעתר לו וכל חטאתו ומעלו והמקמות אשר בנה בהם במות והעמיד האשרים והפסלים לפני הכנעו הנם כתובים על דברי חוזי
(332640, 3, 5);[8, 10, 300, 40, 5];המשיח;82644;(39, 34, 4, 6, 82644);והחמנים;3;(39, 34, 4, 28, 332640);וינתצו לפניו את מזבחות הבעלים והחמנים אשר למעלה מעליהם גדע והאשרים והפסלים והמסכות שבר והדק ויזרק על פני הקברים הזבחים להם
(200588, 9, 5);[8, 10, 300, 40, 5];המשיח;50866;(35, 12, 12, 2, 50866);המחכה;3;(35, 12, 12, 7, 200588);אשרי המחכה ויגיע לימים אלף שלש מאות שלשים וחמשה
(19102, 11, 5);[8, 10, 300, 40, 5];המשיח;4796;(27, 38, 19, 5, 4796);מחטאתי;2;(27, 38, 19, 16, 19102);כי עוני אגיד אדאג מחטאתי
(237733, 12, 5);[8, 10, 300, 40, 5];המשיח;59669;(37, 13, 14, 7, 59669);תמח;3;(37, 13, 14, 21, 237733);זכרה לי אלהי על זאת ואל תמח חסדי אשר עשיתי בבית אלהי ובמשמריו
(246666, 14, 5);[8, 10, 300, 40, 5];המשיח;61852;(38, 5, 24, 11, 61852);ויחדיאל;3;(38, 5, 24, 54, 246666);ואלה ראשי בית אבותם ועפר וישעי ואליאל ועזריאל וירמיה והודויה ויחדיאל אנשים גבורי חיל אנשי שמות ראשים לבית אבותם
(337336, 15, 5);[8, 10, 300, 40, 5];המשיח;83743;(39, 36, 8, 19, 83743);תחתיו;2;(39, 36, 8, 84, 337336);ויתר דברי יהויקים ותעבתיו אשר עשה והנמצא עליו הנם כתובים על ספר מלכי ישראל ויהודה וימלך יהויכין בנו תחתיו
(240235, 19, 5);[8, 10, 300, 40, 5];המשיח;60274;(38, 1, 44, 4, 60274);תחתיו;2;(38, 1, 44, 14, 240235);וימת בלע וימלך תחתיו יובב בן זרח מבצרה
(242973, 25, 5);[8, 10, 300, 40, 5];המשיח;60967;(38, 3, 6, 1, 60967);ויבחר;4;(38, 3, 6, 4, 242973);ויבחר ואלישמע ואליפלט
(100617, 28, 5);[8, 10, 300, 40, 5];המשיח;25265;(28, 26, 19, 8, 25265);משחק;3;(28, 26, 19, 24, 100617);כן איש רמה את רעהו ואמר הלא משחק אני
(299330, 32, 5);[8, 10, 300, 40, 5];המשיח;74629;(39, 12, 2, 3, 74629);החמישית;2;(39, 12, 2, 10, 299330);ויהי בשנה החמישית למלך רחבעם עלה שישק מלך מצרים על ירושלם כי מעלו ביהוה
(164825, 33, 5);[8, 10, 300, 40, 5];המשיח;42059;(34, 1, 10, 10, 42059);חרבונא;1;(34, 1, 10, 38, 164825);ביום השביעי כטוב לב המלך ביין אמר למהומן בזתא חרבונא בגתא ואבגתא זתר וכרכס שבעת הסריסים המשרתים את פני המלך אחשורוש
(120363, 38, 5);[8, 10, 300, 40, 5];המשיח;30428;(29, 21, 2, 6, 30428);תנחומתיכם;3;(29, 21, 2, 22, 120363);שמעו שמוע מלתי ותהי זאת תנחומתיכם
(127413, 39, 5);[8, 10, 300, 40, 5];המשיח;32252;(29, 31, 20, 7, 32252);יתחמם;3;(29, 31, 20, 25, 127413);אם לא ברכוני חלצו  ומגז כבשי יתחמם
(172013, 41, 5);[8, 10, 300, 40, 5];המשיח;43900;(34, 7, 4, 12, 43900);החרשתי;2;(34, 7, 4, 56, 172013);כי נמכרנו אני ועמי להשמיד להרוג ולאבד ואלו לעבדים ולשפחות נמכרנו החרשתי כי אין הצר שוה בנזק המלך
(236495, 49, 5);[8, 10, 300, 40, 5];המשיח;59391;(37, 12, 43, 4, 59391);זבחים;3;(37, 12, 43, 17, 236495);ויזבחו ביום ההוא זבחים גדולים וישמחו כי האלהים שמחם שמחה גדולה וגם הנשים והילדים שמחו ותשמע שמחת ירושלם מרחוק
(245251, 49, 5);[8, 10, 300, 40, 5];המשיח;61511;(38, 4, 40, 6, 61511);רחבת;2;(38, 4, 40, 24, 245251);וימצאו מרעה שמן וטוב והארץ רחבת ידים ושקטת ושלוה כי מן חם הישבים שם לפנים
(256749, 55, 5);[8, 10, 300, 40, 5];המשיח;64297;(38, 11, 15, 15, 64297);חנה;1;(38, 11, 15, 55, 256749);וירדו שלושה מן השלושים ראש על הצר אל דויד אל מערת עדלם ומחנה פלשתים חנה בעמק רפאים
(16682, 59, 5);[8, 10, 300, 40, 5];המשיח;4196;(27, 35, 21, 5, 4196);האח;3;(27, 35, 21, 21, 16682);וירחיבו עלי פיהם אמרו האח האח ראתה עינינו
(226450, 62, 5);[8, 10, 300, 40, 5];המשיח;57071;(37, 7, 56, 4, 57071);חטיפא;1;(37, 7, 56, 11, 226450);בני נציח בני חטיפא
(161390, 71, 5);[8, 10, 300, 40, 5];המשיח;41164;(33, 9, 4, 12, 41164);חי;1;(33, 9, 4, 34, 161390);כי מי אשר יבחר  אל כל החיים יש בטחון כי לכלב חי הוא טוב מן האריה המת
(336136, 74, 5);[8, 10, 300, 40, 5];המשיח;83470;(39, 35, 18, 3, 83470);פסח;3;(39, 35, 18, 10, 336136);ולא נעשה פסח כמהו בישראל מימי שמואל הנביא וכל מלכי ישראל לא עשו כפסח אשר עשה יאשיהו והכהנים והלוים וכל יהודה וישראל הנמצא ויושבי ירושלם
(247673, 75, 5);[8, 10, 300, 40, 5];המשיח;62090;(38, 6, 10, 4, 62090);ואחימות;3;(38, 6, 10, 16, 247673);ובני אלקנה עמשי ואחימות
(327904, 76, 5);[8, 10, 300, 40, 5];המשיח;81531;(39, 31, 13, 9, 81531);ומחת;3;(39, 31, 13, 53, 327904);ויחיאל ועזזיהו ונחת ועשהאל וירימות ויוזבד ואליאל ויסמכיהו ומחת ובניהו פקידים מיד כונניהו  ושמעי אחיו במפקד יחזקיהו המלך ועזריהו נגיד בית האלהים
(222638, 78, 5);[8, 10, 300, 40, 5];המשיח;56136;(37, 5, 9, 12, 56136);מחרפת;2;(37, 5, 9, 45, 222638);ויאמר  לא טוב הדבר אשר אתם עשים הלוא ביראת אלהינו תלכו מחרפת הגוים אויבינו
(253796, 81, 5);[8, 10, 300, 40, 5];המשיח;63579;(38, 9, 18, 5, 63579);מזרחה;4;(38, 9, 18, 18, 253796);ועד הנה בשער המלך מזרחה המה השערים למחנות בני לוי
(141492, 86, 5);[8, 10, 300, 40, 5];המשיח;35874;(30, 7, 10, 1, 35874);וחכך;2;(30, 7, 10, 2, 141492);וחכך כיין הטוב הולך לדודי למישרים דובב שפתי ישנים
(326234, 86, 5);[8, 10, 300, 40, 5];המשיח;81164;(39, 30, 17, 10, 81164);הפסחים;4;(39, 30, 17, 37, 326234);כי רבת בקהל אשר לא התקדשו והלוים על שחיטת הפסחים לכל לא טהור להקדיש ליהוה
(220591, 90, 5);[8, 10, 300, 40, 5];המשיח;55670;(37, 3, 32, 6, 55670);החזיקו;2;(37, 3, 32, 22, 220591);ובין עלית הפנה לשער הצאן החזיקו הצרפים והרכלים
(163740, 95, 5);[8, 10, 300, 40, 5];המשיח;41782;(33, 12, 4, 6, 41782);הטחנה;3;(33, 12, 4, 24, 163740);וסגרו דלתים בשוק בשפל קול הטחנה ויקום לקול הצפור וישחו כל בנות השיר
(173039, 96, 5);[8, 10, 300, 40, 5];המשיח;44167;(34, 8, 7, 19, 44167);שלח;3;(34, 8, 7, 76, 173039);ויאמר המלך אחשורש לאסתר המלכה ולמרדכי היהודי הנה בית המן נתתי לאסתר ואתו תלו על העץ על אשר שלח ידו ביהודיים 
(136198, 98, 5);[8, 10, 300, 40, 5];המשיח;34581;(29, 41, 24, 1, 34581);אחריו;2;(29, 41, 24, 2, 136198);אחריו יאיר נתיב יחשב תהום לשיבה
(92336, 100, 5);[8, 10, 300, 40, 5];המשיח;23044;(28, 17, 2, 8, 23044);יחלק;2;(28, 17, 2, 30, 92336);עבד משכיל ימשל בבן מביש ובתוך אחים יחלק נחלה
(212886, 100, 5);[8, 10, 300, 40, 5];המשיח;53825;(36, 8, 33, 18, 53825);פינחס;4;(36, 8, 33, 75, 212886);וביום הרביעי נשקל הכסף והזהב והכלים בבית אלהינו על יד מרמות בן אוריה הכהן ועמו אלעזר בן פינחס ועמהם יוזבד בן ישוע ונועדיה בן בנוי הלוים
(39794, 5, 5);[10, 8, 10, 300, 40];משיחי;9950;(27, 77, 13, 4, 9950);ובעלילותיך;9;(27, 77, 13, 22, 39794);והגיתי בכל פעלך ובעלילותיך אשיחה
(56651, 5, 5);[10, 8, 10, 300, 40];משיחי;14124;(27, 105, 38, 4, 14124);כי;2;(27, 105, 38, 15, 56651);שמח מצרים בצאתם כי נפל פחדם עליהם
(126092, 5, 5);[10, 8, 10, 300, 40];משיחי;31908;(29, 30, 4, 1, 31908);הקטפים;5;(29, 30, 4, 5, 126092);הקטפים מלוח עלי שיח ושרש רתמים לחמם
(115558, 8, 5);[10, 8, 10, 300, 40];משיחי;29188;(29, 14, 7, 9, 29188);וינקתו;2;(29, 14, 7, 28, 115558);כי יש לעץ תקוה אם יכרת ועוד יחליף וינקתו לא תחדל
(154933, 8, 5);[10, 8, 10, 300, 40];משיחי;39364;(33, 2, 16, 2, 39364);אין;2;(33, 2, 16, 4, 154933);כי אין זכרון לחכם עם הכסיל לעולם בשכבר הימים הבאים הכל נשכח ואיך ימות החכם עם הכסיל
(137245, 9, 5);[10, 8, 10, 300, 40];משיחי;34854;(30, 1, 2, 6, 34854);דדיך;3;(30, 1, 2, 26, 137245);ישקני מנשיקות פיהו כי טובים דדיך מיין
(246721, 9, 5);[10, 8, 10, 300, 40];משיחי;61863;(38, 5, 25, 3, 61863);אבותיהם;5;(38, 5, 25, 16, 246721);וימעלו באלהי אבותיהם ויזנו אחרי אלהי עמי הארץ אשר השמיד אלהים מפניהם
(13553, 10, 5);[10, 8, 10, 300, 40];משיחי;3410;(27, 31, 6, 1, 3410);בידך;2;(27, 31, 6, 2, 13553);בידך אפקיד רוחי פדיתה אותי יהוה אל אמת
(149449, 10, 5);[10, 8, 10, 300, 40];משיחי;37952;(32, 2, 12, 5, 37952);ויין;3;(32, 2, 12, 19, 149449);לאמתם יאמרו איה דגן ויין בהתעטפם כחלל ברחבות עיר בהשתפך נפשם אל חיק אמתם
(48096, 12, 5);[10, 8, 10, 300, 40];משיחי;11976;(27, 89, 41, 3, 11976);גדרתיו;5;(27, 89, 41, 11, 48096);פרצת כל גדרתיו שמת מבצריו מחתה
(246652, 14, 5);[10, 8, 10, 300, 40];משיחי;61850;(38, 5, 24, 9, 61850);וירמיה;2;(38, 5, 24, 40, 246652);ואלה ראשי בית אבותם ועפר וישעי ואליאל ועזריאל וירמיה והודויה ויחדיאל אנשים גבורי חיל אנשי שמות ראשים לבית אבותם
(337321, 15, 5);[10, 8, 10, 300, 40];משיחי;83740;(39, 36, 8, 16, 83740);וימלך;2;(39, 36, 8, 69, 337321);ויתר דברי יהויקים ותעבתיו אשר עשה והנמצא עליו הנם כתובים על ספר מלכי ישראל ויהודה וימלך יהויכין בנו תחתיו
(220807, 16, 5);[10, 8, 10, 300, 40];משיחי;55718;(37, 3, 35, 8, 55718);בונים;4;(37, 3, 35, 31, 220807);וטוביה העמני אצלו ויאמר גם אשר הם בונים אם יעלה שועל ופרץ חומת אבניהם
(259849, 16, 5);[10, 8, 10, 300, 40];משיחי;65032;(38, 12, 39, 5, 65032);עדרי;4;(38, 12, 39, 18, 259849);כל אלה אנשי מלחמה עדרי מערכה בלבב שלם באו חברונה להמליך את דויד על כל ישראל וגם כל שרית ישראל לב אחד להמליך את דויד
(285830, 16, 5);[10, 8, 10, 300, 40];משיחי;71276;(39, 2, 16, 13, 71276);דויד;3;(39, 2, 16, 53, 285830);ויספר שלמה כל האנשים הגירים אשר בארץ ישראל אחרי הספר אשר ספרם דויד אביו וימצאו מאה וחמשים אלף ושלשת אלפים ושש מאות
(31673, 17, 5);[10, 8, 10, 300, 40];משיחי;7956;(27, 64, 10, 8, 7956);השכילו;4;(27, 64, 10, 35, 31673);וייראו כל אדם ויגידו פעל אלהים ומעשהו השכילו
(88194, 17, 5);[10, 8, 10, 300, 40];משיחי;21963;(28, 12, 11, 3, 21963);ישבע;1;(28, 12, 11, 9, 88194);עבד אדמתו ישבע לחם ומרדף ריקים חסר לב
(268748, 18, 5);[10, 8, 10, 300, 40];משיחי;67195;(38, 19, 17, 14, 67195);דויד;3;(38, 19, 17, 58, 268748);ויגד לדויד ויאסף את כל ישראל ויעבר הירדן ויבא אלהם ויערך אלהם ויערך דויד לקראת ארם מלחמה וילחמו עמו
(242601, 20, 5);[10, 8, 10, 300, 40];משיחי;60883;(38, 2, 54, 5, 60883);ונטופתי;7;(38, 2, 54, 20, 242601);בני שלמא בית לחם ונטופתי עטרות בית יואב וחצי המנחתי הצרעי
(321686, 27, 5);[10, 8, 10, 300, 40];משיחי;80098;(39, 28, 12, 6, 80098);עזריהו;4;(39, 28, 12, 27, 321686);ויקמו אנשים מראשי בני אפרים עזריהו בן יהוחנן ברכיהו בן משלמות ויחזקיהו בן שלם ועמשא בן חדלי על הבאים מן הצבא
(21088, 28, 5);[10, 8, 10, 300, 40];משיחי;5302;(27, 42, 5, 12, 5302);אלהים;4;(27, 42, 5, 43, 21088);אלה אזכרה ואשפכה עלי נפשי כי אעבר בסך אדדם עד בית אלהים בקול רנה ותודה המון חוגג
(26701, 29, 5);[10, 8, 10, 300, 40];משיחי;6703;(27, 53, 3, 8, 6703);היש;2;(27, 53, 3, 30, 26701);אלהים משמים השקיף על בני אדם לראות היש משכיל דרש את אלהים
(156452, 30, 5);[10, 8, 10, 300, 40];משיחי;39783;(33, 3, 22, 2, 39783);כי;2;(33, 3, 22, 8, 156452);וראיתי כי אין טוב מאשר ישמח האדם במעשיו כי הוא חלקו כי מי יביאנו לראות במה שיהיה אחריו
(211935, 30, 5);[10, 8, 10, 300, 40];משיחי;53607;(36, 8, 18, 9, 53607);מבני;4;(36, 8, 18, 38, 211935);ויביאו לנו כיד אלהינו הטובה עלינו איש שכל מבני מחלי בן לוי בן ישראל ושרביה ובניו ואחיו שמנה עשר
(274846, 32, 5);[10, 8, 10, 300, 40];משיחי;68699;(38, 24, 21, 3, 68699);רחביהו;4;(38, 24, 21, 15, 274846);לרחביהו לבני רחביהו הראש ישיה
(319419, 35, 5);[10, 8, 10, 300, 40];משיחי;79545;(39, 26, 10, 15, 79545);וכרמים;5;(39, 26, 10, 64, 319419);ויבן מגדלים במדבר ויחצב ברות רבים כי מקנה רב היה לו ובשפלה ובמישור אכרים וכרמים בהרים ובכרמל כי אהב אדמה היה
(171972, 41, 5);[10, 8, 10, 300, 40];משיחי;43892;(34, 7, 4, 4, 43892);ועמי;4;(34, 7, 4, 15, 171972);כי נמכרנו אני ועמי להשמיד להרוג ולאבד ואלו לעבדים ולשפחות נמכרנו החרשתי כי אין הצר שוה בנזק המלך
(235026, 41, 5);[10, 8, 10, 300, 40];משיחי;59076;(37, 12, 12, 1, 59076);ובימי;3;(37, 12, 12, 3, 235026);ובימי יויקים היו כהנים ראשי האבות לשריה מריה לירמיה חנניה
(149206, 43, 5);[10, 8, 10, 300, 40];משיחי;37892;(32, 2, 8, 13, 37892);ויאבל;2;(32, 2, 8, 43, 149206);חשב יהוה להשחית חומת בת ציון נטה קו לא השיב ידו מבלע ויאבל חל וחומה יחדו אמללו
(9113, 45, 5);[10, 8, 10, 300, 40];משיחי;2288;(27, 21, 13, 7, 2288);פניהם;3;(27, 21, 13, 28, 9113);כי תשיתמו שכם במיתריך תכונן על פניהם
(111133, 49, 5);[10, 8, 10, 300, 40];משיחי;28015;(29, 8, 2, 6, 28015);כביר;3;(29, 8, 2, 18, 111133);עד אן תמלל אלה ורוח כביר אמרי פיך
(236446, 49, 5);[10, 8, 10, 300, 40];משיחי;59382;(37, 12, 42, 7, 59382);ועילם;3;(37, 12, 42, 38, 236446);ומעשיה ושמעיה ואלעזר ועזי ויהוחנן ומלכיה ועילם ועזר וישמיעו המשררים ויזרחיה הפקיד
(246030, 49, 5);[10, 8, 10, 300, 40];משיחי;61701;(38, 5, 13, 4, 61701);מיכאל;2;(38, 5, 13, 19, 246030);ואחיהם לבית אבותיהם מיכאל ומשלם ושבע ויורי ויעכן וזיע ועבר שבעה
(294729, 52, 5);[10, 8, 10, 300, 40];משיחי;73486;(39, 8, 16, 13, 73486);בית;2;(39, 8, 16, 44, 294729);ותכן כל מלאכת שלמה עד היום מוסד בית יהוה ועד כלתו שלם בית יהוה
(103600, 53, 5);[10, 8, 10, 300, 40];משיחי;26043;(28, 30, 6, 6, 26043);יוכיח;4;(28, 30, 6, 19, 103600);אל תוסף על דבריו פן יוכיח בך ונכזבת
(140077, 53, 5);[10, 8, 10, 300, 40];משיחי;35545;(30, 5, 5, 5, 35545);וידי;2;(30, 5, 5, 18, 140077);קמתי אני לפתח לדודי וידי נטפו מור ואצבעתי מור עבר על כפות המנעול
(262904, 54, 5);[10, 8, 10, 300, 40];משיחי;65755;(38, 15, 24, 1, 65755);ושבניהו;5;(38, 15, 24, 5, 262904);ושבניהו ויושפט ונתנאל ועמשי וזכריהו ובניהו ואליעזר הכהנים מחצצרים  בחצצרות לפני ארון האלהים ועבד אדם ויחיה שערים לארון
(338045, 55, 5);[10, 8, 10, 300, 40];משיחי;83910;(39, 36, 19, 8, 83910);ירושלם;1;(39, 36, 19, 30, 338045);וישרפו את בית האלהים וינתצו את חומת ירושלם וכל ארמנותיה שרפו באש וכל כלי מחמדיה להשחית
(125997, 57, 5);[10, 8, 10, 300, 40];משיחי;31884;(29, 30, 1, 6, 31884);לימים;2;(29, 30, 1, 23, 125997);ועתה שחקו עלי צעירים ממני לימים אשר מאסתי אבותם לשית עם כלבי צאני
(272921, 57, 5);[10, 8, 10, 300, 40];משיחי;68259;(38, 23, 9, 8, 68259);ראשי;4;(38, 23, 9, 33, 272921);בני שמעי שלמות  וחזיאל והרן שלשה אלה ראשי האבות ללעדן
(89400, 58, 5);[10, 8, 10, 300, 40];משיחי;22281;(28, 14, 1, 6, 22281);בידיה;4;(28, 14, 1, 26, 89400);חכמות נשים בנתה ביתה ואולת בידיה תהרסנו
(163352, 58, 5);[10, 8, 10, 300, 40];משיחי;41686;(33, 11, 8, 3, 41686);שנים;3;(33, 11, 8, 7, 163352);כי אם שנים הרבה יחיה האדם בכלם ישמח ויזכר את ימי החשך כי הרבה יהיו כל שבא הבל
(276600, 60, 5);[10, 8, 10, 300, 40];משיחי;69091;(38, 26, 3, 3, 69091);יהוחנן;1;(38, 26, 3, 11, 276600);עילם החמישי יהוחנן הששי אליהועיני השביעי
(195496, 66, 5);[10, 8, 10, 300, 40];משיחי;49617;(35, 9, 20, 10, 49617);ומפיל;4;(35, 9, 20, 45, 195496);ועוד אני מדבר ומתפלל ומתודה חטאתי וחטאת עמי ישראל ומפיל תחנתי לפני יהוה אלהי על הר קדש אלהי
(85735, 67, 5);[10, 8, 10, 300, 40];משיחי;21339;(28, 9, 5, 5, 21339);ביין;2;(28, 9, 5, 18, 85735);לכו לחמו בלחמי ושתו ביין מסכתי
(276834, 73, 5);[10, 8, 10, 300, 40];משיחי;69141;(38, 26, 8, 3, 69141);מבני;4;(38, 26, 8, 9, 276834);כל אלה מבני עבד אדם המה ובניהם ואחיהם איש חיל בכח לעבדה ששים ושנים לעבד אדם
(247598, 75, 5);[10, 8, 10, 300, 40];משיחי;62071;(38, 6, 7, 7, 62071);אסיר;3;(38, 6, 7, 24, 247598);בני קהת עמינדב בנו קרח בנו אסיר בנו
(11309, 76, 5);[10, 8, 10, 300, 40];משיחי;2843;(27, 25, 21, 2, 2843);וישר;2;(27, 25, 21, 4, 11309);תם וישר יצרוני כי קויתיך
(325423, 77, 5);[10, 8, 10, 300, 40];משיחי;80976;(39, 30, 6, 2, 80976);הרצים;4;(39, 30, 6, 9, 325423);וילכו הרצים באגרות מיד המלך ושריו בכל ישראל ויהודה וכמצות המלך לאמר בני ישראל שובו אל יהוה אלהי אברהם יצחק וישראל וישב אל הפליטה הנשארת לכם מכף מלכי אשור
(224330, 79, 5);[10, 8, 10, 300, 40];משיחי;56557;(37, 6, 14, 3, 56557);לטוביה;5;(37, 6, 14, 13, 224330);זכרה אלהי לטוביה ולסנבלט כמעשיו אלה וגם לנועדיה הנביאה וליתר הנביאים אשר היו מיראים אותי
(233611, 83, 5);[10, 8, 10, 300, 40];משיחי;58752;(37, 11, 9, 10, 58752);העיר;3;(37, 11, 9, 39, 233611);ויואל בן זכרי פקיד עליהם ויהודה בן הסנואה על העיר משנה
(276685, 86, 5);[10, 8, 10, 300, 40];משיחי;69107;(38, 26, 4, 13, 69107);החמישי;4;(38, 26, 4, 61, 276685);ולעבד אדם בנים שמעיה הבכור יהוזבד השני יואח השלשי ושכר הרביעי ונתנאל החמישי
(74870, 88, 5);[10, 8, 10, 300, 40];משיחי;18621;(27, 141, 5, 1, 18621);יהלמני;6;(27, 141, 5, 6, 74870);יהלמני צדיק חסד ויוכיחני שמן ראש אל יני ראשי כי עוד ותפלתי ברעותיהם
(174736, 91, 5);[10, 8, 10, 300, 40];משיחי;44564;(34, 9, 13, 20, 44564);יתלו;1;(34, 9, 13, 70, 174736);ותאמר אסתר אם על המלך טוב ינתן גם מחר ליהודים אשר בשושן לעשות כדת היום ואת עשרת בני המן יתלו על העץ
(103207, 93, 5);[10, 8, 10, 300, 40];משיחי;25934;(28, 29, 21, 5, 25934);יהיה;1;(28, 29, 21, 20, 103207);מפנק מנער עבדו ואחריתו יהיה מנון
(130614, 93, 5);[10, 8, 10, 300, 40];משיחי;33114;(29, 34, 33, 5, 33114);כי;2;(29, 34, 33, 19, 130614);המעמך ישלמנה כי מאסת כי אתה תבחר ולא אני ומה ידעת דבר
(320650, 93, 5);[10, 8, 10, 300, 40];משיחי;79844;(39, 27, 5, 11, 79844);בני;3;(39, 27, 5, 40, 320650);והוא נלחם עם מלך בני עמון ויחזק עליהם ויתנו לו בני עמון בשנה ההיא מאה ככר כסף ועשרת אלפים כרים חטים ושעורים עשרת אלפים זאת השיבו לו בני עמון ובשנה השנית והשלשית
(10994, 94, 5);[10, 8, 10, 300, 40];משיחי;2763;(27, 25, 9, 5, 2763);ענוים;4;(27, 25, 9, 23, 10994);ידרך ענוים במשפט וילמד ענוים דרכו
(173275, 96, 5);[10, 8, 10, 300, 40];משיחי;44222;(34, 8, 9, 31, 44222);ועשרים;5;(34, 8, 9, 134, 173275);ויקראו ספרי המלך בעת ההיא בחדש השלישי הוא חדש סיון בשלושה ועשרים בו ויכתב ככל אשר צוה מרדכי אל היהודים ואל האחשדרפנים והפחות ושרי המדינות אשר מהדו ועד כוש שבע ועשרים ומאה מדינה מדינה ומדינה ככתבה ועם ועם כלשנו ואל היהודים ככתבם וכלשונם
(285256, 99, 5);[10, 8, 10, 300, 40];משיחי;71133;(39, 2, 9, 5, 71133);נתתי;4;(39, 2, 9, 24, 285256);והנה לחטבים לכרתי העצים נתתי חטים מכות לעבדיך כרים עשרים אלף ושערים כרים עשרים אלף ויין בתים עשרים אלף ושמן בתים עשרים אלף
(190614, 1, 4);[8, 10, 300, 40];משיח;48443;(35, 7, 2, 11, 48443);רוחי;3;(35, 7, 2, 42, 190614);ענה דניאל ואמר חזה הוית בחזוי עם ליליא וארו ארבע רוחי שמיא מגיחן לימא רבא
(241805, 1, 4);[8, 10, 300, 40];משיח;60674;(38, 2, 32, 3, 60674);אחי;2;(38, 2, 32, 9, 241805);ובני ידע אחי שמי יתר ויונתן וימת יתר לא בנים
(86550, 2, 4);[8, 10, 300, 40];משיח;21553;(28, 10, 17, 2, 21553);לחיים;2;(28, 10, 17, 5, 86550);ארח לחיים שומר מוסר ועוזב תוכחת מתעה
(201919, 3, 4);[8, 10, 300, 40];משיח;51186;(36, 2, 16, 3, 51186);ליחזקיה;3;(36, 2, 16, 9, 201919);בני אטר ליחזקיה תשעים ושמנה
(202214, 3, 4);[8, 10, 300, 40];משיח;51258;(36, 2, 29, 3, 51258);חמשים;1;(36, 2, 29, 7, 202214);בני נבו חמשים ושנים
(202425, 3, 4);[8, 10, 300, 40];משיח;51310;(36, 2, 37, 4, 51310);חמשים;1;(36, 2, 37, 10, 202425);בני אמר אלף חמשים ושנים
(203091, 3, 4);[8, 10, 300, 40];משיח;51485;(36, 2, 60, 9, 51485);חמשים;1;(36, 2, 60, 30, 203091);בני דליה בני טוביה בני נקודא שש מאות חמשים ושנים
(224419, 3, 4);[8, 10, 300, 40];משיח;56575;(37, 6, 15, 6, 56575);לחמשים;2;(37, 6, 15, 28, 224419);ותשלם החומה בעשרים וחמשה לאלול לחמשים ושנים יום
(225276, 3, 4);[8, 10, 300, 40];משיח;56777;(37, 7, 10, 5, 56777);חמשים;1;(37, 7, 10, 13, 225276);בני ארח שש מאות חמשים ושנים
(225550, 3, 4);[8, 10, 300, 40];משיח;56845;(37, 7, 21, 3, 56845);לחזקיה;2;(37, 7, 21, 8, 225550);בני אטר לחזקיה תשעים ושמנה
(225847, 3, 4);[8, 10, 300, 40];משיח;56917;(37, 7, 33, 4, 56917);חמשים;1;(37, 7, 33, 11, 225847);אנשי נבו אחר חמשים ושנים
(226038, 3, 4);[8, 10, 300, 40];משיח;56964;(37, 7, 40, 4, 56964);חמשים;1;(37, 7, 40, 10, 226038);בני אמר אלף חמשים ושנים
(234376, 3, 4);[8, 10, 300, 40];משיח;58936;(37, 11, 25, 2, 58936);החצרים;2;(37, 11, 25, 5, 234376);ואל החצרים בשדתם מבני יהודה ישבו בקרית הארבע ובנתיה ובדיבן ובנתיה וביקבצאל וחצריה
(285067, 3, 4);[8, 10, 300, 40];משיח;71089;(39, 2, 6, 18, 71089);החכמים;2;(39, 2, 6, 77, 285067);ועתה שלח לי איש חכם לעשות בזהב ובכסף ובנחשת ובברזל ובארגון וכרמיל ותכלת וידע לפתח פתוחים עם החכמים אשר עמי ביהודה ובירושלם אשר הכין דויד אבי
(310946, 3, 4);[8, 10, 300, 40];משיח;77473;(39, 20, 35, 2, 77473);אתחבר;3;(39, 20, 35, 10, 310946);ואחריכן אתחבר יהושפט מלך יהודה עם אחזיה מלך ישראל הוא הרשיע לעשות
(318975, 3, 4);[8, 10, 300, 40];משיח;79445;(39, 26, 3, 7, 79445);וחמשים;2;(39, 26, 3, 23, 318975);בן שש עשרה שנה עזיהו במלכו וחמשים ושתים שנה מלך בירושלם ושם אמו יכיליה  מן ירושלם
(332116, 3, 4);[8, 10, 300, 40];משיח;82522;(39, 33, 19, 21, 82522);חוזי;1;(39, 33, 19, 90, 332116);ותפלתו והעתר לו וכל חטאתו ומעלו והמקמות אשר בנה בהם במות והעמיד האשרים והפסלים לפני הכנעו הנם כתובים על דברי חוזי
(332640, 3, 4);[8, 10, 300, 40];משיח;82644;(39, 34, 4, 6, 82644);והחמנים;3;(39, 34, 4, 28, 332640);וינתצו לפניו את מזבחות הבעלים והחמנים אשר למעלה מעליהם גדע והאשרים והפסלים והמסכות שבר והדק ויזרק על פני הקברים הזבחים להם
(56259, 4, 4);[8, 10, 300, 40];משיח;14024;(27, 105, 22, 5, 14024);יחכם;2;(27, 105, 22, 21, 56259);לאסר שריו בנפשו וזקניו יחכם
(83315, 4, 4);[8, 10, 300, 40];משיח;20716;(28, 6, 19, 1, 20716);יפיח;4;(28, 6, 19, 4, 83315);יפיח כזבים עד שקר ומשלח מדנים בין אחים
(6739, 5, 4);[8, 10, 300, 40];משיח;1704;(27, 18, 12, 6, 1704);חשכת;1;(27, 18, 12, 23, 6739);ישת חשך סתרו סביבותיו סכתו חשכת מים עבי שחקים
(39799, 5, 4);[8, 10, 300, 40];משיח;9951;(27, 77, 13, 5, 9951);אשיחה;4;(27, 77, 13, 27, 39799);והגיתי בכל פעלך ובעלילותיך אשיחה
(56656, 5, 4);[8, 10, 300, 40];משיח;14126;(27, 105, 38, 6, 14126);פחדם;2;(27, 105, 38, 20, 56656);שמח מצרים בצאתם כי נפל פחדם עליהם
(126097, 5, 4);[8, 10, 300, 40];משיח;31909;(29, 30, 4, 2, 31909);מלוח;4;(29, 30, 4, 10, 126097);הקטפים מלוח עלי שיח ושרש רתמים לחמם
(193962, 5, 4);[8, 10, 300, 40];משיח;49253;(35, 8, 25, 9, 49253);ישחית;3;(35, 8, 25, 41, 193962);ועל שכלו והצליח מרמה בידו ובלבבו יגדיל ובשלוה ישחית רבים ועל שר שרים יעמד ובאפס יד ישבר
(256475, 5, 4);[8, 10, 300, 40];משיח;64232;(38, 11, 11, 8, 64232);חכמוני;1;(38, 11, 11, 30, 256475);ואלה מספר הגברים אשר לדויד ישבעם בן חכמוני ראש השלושים  הוא עורר את חניתו על שלש מאות חלל בפעם אחת
(260969, 5, 4);[8, 10, 300, 40];משיח;65311;(38, 14, 1, 10, 65311);וחרשי;2;(38, 14, 1, 37, 260969);וישלח חירם  מלך צר מלאכים אל דויד ועצי ארזים וחרשי קיר וחרשי עצים לבנות לו בית
(270119, 5, 4);[8, 10, 300, 40];משיח;67558;(38, 21, 12, 11, 67558);וחרב;2;(38, 21, 12, 39, 270119);אם שלוש שנים רעב ואם שלשה חדשים נספה מפני צריך וחרב אויבך למשגת ואם שלשת ימים חרב יהוה ודבר בארץ ומלאך יהוה משחית בכל גבול ישראל ועתה ראה מה אשיב את שלחי דבר
(292752, 5, 4);[8, 10, 300, 40];משיח;72991;(39, 7, 8, 18, 72991);נחל;2;(39, 7, 8, 61, 292752);ויעש שלמה את החג בעת ההיא שבעת ימים וכל ישראל עמו קהל גדול מאד מלבוא חמת עד נחל מצרים
(206029, 6, 4);[8, 10, 300, 40];משיח;52162;(36, 4, 18, 3, 52162);שלחתון;3;(36, 4, 18, 11, 206029);נשתונא די שלחתון עלינא מפרש קרי קדמי
(242863, 6, 4);[8, 10, 300, 40];משיח;60942;(38, 3, 4, 4, 60942);בחברון;2;(38, 3, 4, 11, 242863);ששה נולד לו בחברון וימלך שם שבע שנים וששה חדשים ושלשים ושלוש שנה מלך בירושלם
(283814, 6, 4);[8, 10, 300, 40];משיח;70773;(39, 1, 6, 6, 70773);הנחשת;3;(39, 1, 6, 19, 283814);ויעל שלמה שם על מזבח הנחשת לפני יהוה אשר לאהל מועד ויעל עליו עלות אלף
(291797, 6, 4);[8, 10, 300, 40];משיח;72754;(39, 6, 37, 9, 72754);והתחננו;4;(39, 6, 37, 33, 291797);והשיבו אל לבבם בארץ אשר נשבו שם ושבו והתחננו אליך בארץ שבים לאמר חטאנו העוינו ורשענו
(131294, 7, 4);[8, 10, 300, 40];משיח;33303;(29, 36, 5, 7, 33303);כח;2;(29, 36, 5, 21, 131294);הן אל כביר ולא ימאס כביר כח לב
(226194, 7, 4);[8, 10, 300, 40];משיח;57001;(37, 7, 45, 11, 57001);חטיטא;1;(37, 7, 45, 37, 226194);השערים בני שלום בני אטר בני טלמן בני עקוב בני חטיטא בני שבי מאה שלשים ושמנה
(15115, 8, 4);[8, 10, 300, 40];משיח;3806;(27, 33, 15, 2, 3806);יחד;2;(27, 33, 15, 6, 15115);היצר יחד לבם המבין אל כל מעשיהם
(115566, 8, 4);[8, 10, 300, 40];משיח;29190;(29, 14, 7, 11, 29190);תחדל;2;(29, 14, 7, 36, 115566);כי יש לעץ תקוה אם יכרת ועוד יחליף וינקתו לא תחדל
(154941, 8, 4);[8, 10, 300, 40];משיח;39366;(33, 2, 16, 4, 39366);לחכם;2;(33, 2, 16, 12, 154941);כי אין זכרון לחכם עם הכסיל לעולם בשכבר הימים הבאים הכל נשכח ואיך ימות החכם עם הכסיל
(175378, 8, 4);[8, 10, 300, 40];משיח;44721;(34, 9, 22, 12, 44721);לשמחה;4;(34, 9, 22, 53, 175378);כימים אשר נחו בהם היהודים מאויביהם והחדש אשר נהפך להם מיגון לשמחה ומאבל ליום טוב לעשות אותם ימי משתה ושמחה ומשלוח מנות איש לרעהו ומתנות לאביונים
(235577, 8, 4);[8, 10, 300, 40];משיח;59193;(37, 12, 27, 1, 59193);ובחנכת;3;(37, 12, 27, 3, 235577);ובחנכת חומת ירושלם בקשו את הלוים מכל מקומתם להביאם לירושלם לעשת חנכה ושמחה ובתודות ובשיר מצלתים נבלים ובכנרות
(245361, 8, 4);[8, 10, 300, 40];משיח;61537;(38, 4, 41, 17, 61537);ויחרימם;3;(38, 4, 41, 75, 245361);ויבאו אלה הכתובים בשמות בימי יחזקיהו מלך יהודה ויכו את אהליהם ואת המעינים  אשר נמצאו שמה ויחרימם עד היום הזה וישבו תחתיהם כי מרעה לצאנם שם
(254133, 8, 4);[8, 10, 300, 40];משיח;63657;(38, 9, 25, 1, 63657);ואחיהם;3;(38, 9, 25, 3, 254133);ואחיהם בחצריהם לבוא לשבעת הימים מעת אל עת עם אלה
(125476, 9, 4);[8, 10, 300, 40];משיח;31759;(29, 29, 8, 3, 31759);ונחבאו;3;(29, 29, 8, 13, 125476);ראוני נערים ונחבאו וישישים קמו עמדו
(137254, 9, 4);[8, 10, 300, 40];משיח;34856;(30, 1, 3, 1, 34856);לריח;4;(30, 1, 3, 4, 137254);לריח שמניך טובים שמן תורק שמך על כן עלמות אהבוך
(200588, 9, 4);[8, 10, 300, 40];משיח;50866;(35, 12, 12, 2, 50866);המחכה;3;(35, 12, 12, 7, 200588);אשרי המחכה ויגיע לימים אלף שלש מאות שלשים וחמשה
(202440, 9, 4);[8, 10, 300, 40];משיח;51313;(36, 2, 38, 2, 51313);פשחור;3;(36, 2, 38, 6, 202440);בני פשחור אלף מאתים ארבעים ושבעה
(226053, 9, 4);[8, 10, 300, 40];משיח;56967;(37, 7, 41, 2, 56967);פשחור;3;(37, 7, 41, 6, 226053);בני פשחור אלף מאתים ארבעים ושבעה
(246730, 9, 4);[8, 10, 300, 40];משיח;61865;(38, 5, 25, 5, 61865);אחרי;2;(38, 5, 25, 25, 246730);וימעלו באלהי אבותיהם ויזנו אחרי אלהי עמי הארץ אשר השמיד אלהים מפניהם
(289579, 9, 4);[8, 10, 300, 40];משיח;72172;(39, 6, 6, 6, 72172);ואבחר;4;(39, 6, 6, 26, 289579);ואבחר בירושלם להיות שמי שם ואבחר בדויד להיות על עמי ישראל
(13563, 10, 4);[8, 10, 300, 40];משיח;3412;(27, 31, 6, 3, 3412);רוחי;3;(27, 31, 6, 12, 13563);בידך אפקיד רוחי פדיתה אותי יהוה אל אמת
(124060, 10, 4);[8, 10, 300, 40];משיח;31389;(29, 27, 8, 4, 31389);חנף;1;(29, 27, 8, 9, 124060);כי מה תקות חנף כי יבצע כי ישל אלוה נפשו
(149459, 10, 4);[8, 10, 300, 40];משיח;37954;(32, 2, 12, 7, 37954);כחלל;2;(32, 2, 12, 29, 149459);לאמתם יאמרו איה דגן ויין בהתעטפם כחלל ברחבות עיר בהשתפך נפשם אל חיק אמתם
(226194, 10, 4);[8, 10, 300, 40];משיח;57001;(37, 7, 45, 11, 57001);חטיטא;1;(37, 7, 45, 37, 226194);השערים בני שלום בני אטר בני טלמן בני עקוב בני חטיטא בני שבי מאה שלשים ושמנה
(248887, 10, 4);[8, 10, 300, 40];משיח;62413;(38, 6, 46, 4, 62413);ממשפחת;5;(38, 6, 46, 20, 248887);ולבני קהת הנותרים ממשפחת המטה ממחצית מטה חצי מנשה בגורל ערים עשר
(298673, 10, 4);[8, 10, 300, 40];משיח;74470;(39, 11, 14, 6, 74470);ואחזתם;3;(39, 11, 14, 23, 298673);כי עזבו הלוים את מגרשיהם ואחזתם וילכו ליהודה ולירושלם כי הזניחם ירבעם ובניו מכהן ליהוה
(321221, 10, 4);[8, 10, 300, 40];משיח;79985;(39, 28, 6, 2, 79985);פקח;3;(39, 28, 6, 8, 321221);ויהרג פקח בן רמליהו ביהודה מאה ועשרים אלף ביום אחד הכל בני חיל בעזבם את יהוה אלהי אבותם
(18643, 11, 4);[8, 10, 300, 40];משיח;4679;(27, 38, 4, 10, 4679);חטאתי;1;(27, 38, 4, 36, 18643);אין מתם בבשרי מפני זעמך אין שלום בעצמי מפני חטאתי
(19102, 11, 4);[8, 10, 300, 40];משיח;4796;(27, 38, 19, 5, 4796);מחטאתי;2;(27, 38, 19, 16, 19102);כי עוני אגיד אדאג מחטאתי
(221625, 11, 4);[8, 10, 300, 40];משיח;55908;(37, 4, 10, 10, 55908);מחזיקים;2;(37, 4, 10, 38, 221625);ויהי מן היום ההוא חצי נערי עשים במלאכה וחצים מחזיקים והרמחים המגנים והקשתות והשרינים והשרים אחרי כל בית יהודה
(253538, 11, 4);[8, 10, 300, 40];משיח;63516;(38, 9, 13, 1, 63516);ואחיהם;3;(38, 9, 13, 3, 253538);ואחיהם ראשים לבית אבותם אלף ושבע מאות וששים גבורי חיל מלאכת עבודת בית האלהים
(335528, 11, 4);[8, 10, 300, 40];משיח;83335;(39, 35, 9, 4, 83335);אחיו;2;(39, 35, 9, 23, 335528);וכונניהו  ושמעיהו ונתנאל אחיו וחשביהו ויעיאל ויוזבד שרי הלוים הרימו ללוים לפסחים חמשת אלפים ובקר חמש מאות
(48108, 12, 4);[8, 10, 300, 40];משיח;11979;(27, 89, 41, 6, 11979);מחתה;2;(27, 89, 41, 23, 48108);פרצת כל גדרתיו שמת מבצריו מחתה
(237733, 12, 4);[8, 10, 300, 40];משיח;59669;(37, 13, 14, 7, 59669);תמח;3;(37, 13, 14, 21, 237733);זכרה לי אלהי על זאת ואל תמח חסדי אשר עשיתי בבית אלהי ובמשמריו
(229357, 13, 4);[8, 10, 300, 40];משיח;57765;(37, 9, 8, 13, 57765);החתי;2;(37, 9, 8, 49, 229357);ומצאת את לבבו נאמן לפניך וכרות עמו הברית לתת את ארץ הכנעני החתי האמרי והפרזי והיבוסי והגרגשי לתת לזרעו ותקם את דבריך כי צדיק אתה
(288485, 13, 4);[8, 10, 300, 40];משיח;71908;(39, 5, 3, 7, 71908);בחג;2;(39, 5, 3, 24, 288485);ויקהלו אל המלך כל איש ישראל בחג הוא החדש השבעי
(14681, 14, 4);[8, 10, 300, 40];משיח;3693;(27, 32, 11, 1, 3693);שמחו;3;(27, 32, 11, 3, 14681);שמחו ביהוה וגילו צדיקים והרנינו כל ישרי לב
(99619, 14, 4);[8, 10, 300, 40];משיח;24994;(28, 25, 13, 7, 24994);לשלחיו;4;(28, 25, 13, 26, 99619);כצנת שלג ביום קציר ציר נאמן לשלחיו ונפש אדניו ישיב
(129928, 14, 4);[8, 10, 300, 40];משיח;32924;(29, 34, 10, 6, 32924);חללה;1;(29, 34, 10, 17, 129928);לכן אנשי לבב שמעו לי חללה לאל מרשע ושדי מעול
(225191, 14, 4);[8, 10, 300, 40];משיח;56755;(37, 7, 7, 13, 56755);נחום;2;(37, 7, 7, 56, 225191);הבאים עם זרבבל ישוע נחמיה עזריה רעמיה נחמני מרדכי בלשן מספרת בגוי נחום בענה מספר אנשי עם ישראל
(246666, 14, 4);[8, 10, 300, 40];משיח;61852;(38, 5, 24, 11, 61852);ויחדיאל;3;(38, 5, 24, 54, 246666);ואלה ראשי בית אבותם ועפר וישעי ואליאל ועזריאל וירמיה והודויה ויחדיאל אנשים גבורי חיל אנשי שמות ראשים לבית אבותם
(329940, 14, 4);[8, 10, 300, 40];משיח;82006;(39, 32, 21, 4, 82006);ויכחד;4;(39, 32, 21, 17, 329940);וישלח יהוה מלאך ויכחד כל גבור חיל ונגיד ושר במחנה מלך אשור וישב בבשת פנים לארצו ויבא בית אלהיו ומיציאו  מעיו שם הפילהו בחרב
(337336, 15, 4);[8, 10, 300, 40];משיח;83743;(39, 36, 8, 19, 83743);תחתיו;2;(39, 36, 8, 84, 337336);ויתר דברי יהויקים ותעבתיו אשר עשה והנמצא עליו הנם כתובים על ספר מלכי ישראל ויהודה וימלך יהויכין בנו תחתיו
(220823, 16, 4);[8, 10, 300, 40];משיח;55723;(37, 3, 35, 13, 55723);חומת;1;(37, 3, 35, 47, 220823);וטוביה העמני אצלו ויאמר גם אשר הם בונים אם יעלה שועל ופרץ חומת אבניהם
(259865, 16, 4);[8, 10, 300, 40];משיח;65037;(38, 12, 39, 10, 65037);חברונה;1;(38, 12, 39, 34, 259865);כל אלה אנשי מלחמה עדרי מערכה בלבב שלם באו חברונה להמליך את דויד על כל ישראל וגם כל שרית ישראל לב אחד להמליך את דויד
(285846, 16, 4);[8, 10, 300, 40];משיח;71280;(39, 2, 16, 17, 71280);וחמשים;2;(39, 2, 16, 69, 285846);ויספר שלמה כל האנשים הגירים אשר בארץ ישראל אחרי הספר אשר ספרם דויד אביו וימצאו מאה וחמשים אלף ושלשת אלפים ושש מאות
(31690, 17, 4);[8, 10, 300, 40];משיח;7960;(27, 64, 11, 4, 7960);וחסה;2;(27, 64, 11, 15, 31690);ישמח צדיק ביהוה וחסה בו ויתהללו כל ישרי לב
(88211, 17, 4);[8, 10, 300, 40];משיח;21967;(28, 12, 11, 7, 21967);חסר;1;(28, 12, 11, 26, 88211);עבד אדמתו ישבע לחם ומרדף ריקים חסר לב
(73660, 18, 4);[8, 10, 300, 40];משיח;18314;(27, 139, 5, 1, 18314);אחור;2;(27, 139, 5, 2, 73660);אחור וקדם צרתני ותשת עלי כפכה
(131728, 18, 4);[8, 10, 300, 40];משיח;33414;(29, 36, 20, 6, 33414);תחתם;2;(29, 36, 20, 22, 131728);אל תשאף הלילה לעלות עמים תחתם
(244104, 18, 4);[8, 10, 300, 40];משיח;61233;(38, 4, 12, 9, 61233);תחנה;2;(38, 4, 12, 30, 244104);ואשתון הוליד את בית רפא ואת פסח ואת תחנה אבי עיר נחש אלה אנשי רכה
(268766, 18, 4);[8, 10, 300, 40];משיח;67199;(38, 19, 17, 18, 67199);וילחמו;4;(38, 19, 17, 76, 268766);ויגד לדויד ויאסף את כל ישראל ויעבר הירדן ויבא אלהם ויערך אלהם ויערך דויד לקראת ארם מלחמה וילחמו עמו
(74883, 19, 4);[8, 10, 300, 40];משיח;18624;(27, 141, 5, 4, 18624);ויוכיחני;6;(27, 141, 5, 19, 74883);יהלמני צדיק חסד ויוכיחני שמן ראש אל יני ראשי כי עוד ותפלתי ברעותיהם
(107950, 19, 4);[8, 10, 300, 40];משיח;27190;(29, 3, 17, 3, 27190);חדלו;1;(29, 3, 17, 8, 107950);שם רשעים חדלו רגז ושם ינוחו יגיעי כח
(240235, 19, 4);[8, 10, 300, 40];משיח;60274;(38, 1, 44, 4, 60274);תחתיו;2;(38, 1, 44, 14, 240235);וימת בלע וימלך תחתיו יובב בן זרח מבצרה
(267286, 19, 4);[8, 10, 300, 40];משיח;66834;(38, 18, 10, 27, 66834);ונחשת;3;(38, 18, 10, 103, 267286);וישלח את הדורם בנו אל המלך דויד לשאול  לו לשלום ולברכו על אשר נלחם בהדדעזר ויכהו כי איש מלחמות תעו היה הדדעזר וכל כלי זהב וכסף ונחשת
(292752, 19, 4);[8, 10, 300, 40];משיח;72991;(39, 7, 8, 18, 72991);נחל;2;(39, 7, 8, 61, 292752);ויעש שלמה את החג בעת ההיא שבעת ימים וכל ישראל עמו קהל גדול מאד מלבוא חמת עד נחל מצרים
(156987, 20, 4);[8, 10, 300, 40];משיח;39939;(33, 4, 10, 7, 39939);חברו;1;(33, 4, 10, 19, 156987);כי אם יפלו האחד יקים את חברו ואילו האחד שיפול ואין שני להקימו
(242621, 20, 4);[8, 10, 300, 40];משיח;60888;(38, 2, 54, 10, 60888);המנחתי;4;(38, 2, 54, 40, 242621);בני שלמא בית לחם ונטופתי עטרות בית יואב וחצי המנחתי הצרעי
(306718, 20, 4);[8, 10, 300, 40];משיח;76432;(39, 18, 14, 17, 76432);והצליחו;6;(39, 18, 14, 66, 306718);ויבא אל המלך ויאמר המלך אליו מיכה הנלך אל רמת גלעד למלחמה אם אחדל ויאמר עלו והצליחו וינתנו בידכם
(53954, 21, 4);[8, 10, 300, 40];משיח;13458;(27, 103, 2, 6, 13458);תשכחי;4;(27, 103, 2, 21, 53954);ברכי נפשי את יהוה ואל תשכחי כל גמוליו
(108543, 21, 4);[8, 10, 300, 40];משיח;27337;(29, 4, 12, 4, 27337);ותקח;4;(29, 4, 12, 15, 108543);ואלי דבר יגנב ותקח אזני שמץ מנהו
(290560, 21, 4);[8, 10, 300, 40];משיח;72433;(39, 6, 21, 3, 72433);תחנוני;2;(39, 6, 21, 9, 290560);ושמעת אל תחנוני עבדך ועמך ישראל אשר יתפללו אל המקום הזה ואתה תשמע ממקום שבתך מן השמים ושמעת וסלחת
(162372, 22, 4);[8, 10, 300, 40];משיח;41427;(33, 10, 4, 8, 41427);תנח;3;(33, 10, 4, 28, 162372);אם רוח המושל תעלה עליך מקומך אל תנח כי מרפא יניח חטאים גדולים
(257605, 22, 4);[8, 10, 300, 40];משיח;64508;(38, 11, 33, 3, 64508);אליחבא;4;(38, 11, 33, 16, 257605);עזמות הבחרומי אליחבא השעלבני
(75201, 23, 4);[8, 10, 300, 40];משיח;18704;(27, 142, 4, 11, 18704);פח;2;(27, 142, 4, 43, 75201);בהתעטף עלי רוחי ואתה ידעת נתיבתי בארח זו אהלך טמנו פח לי
(201648, 23, 4);[8, 10, 300, 40];משיח;51119;(36, 2, 5, 5, 51119);חמשה;1;(36, 2, 5, 14, 201648);בני ארח שבע מאות חמשה ושבעים
(238143, 23, 4);[8, 10, 300, 40];משיח;59766;(37, 13, 19, 14, 59766);יפתחום;4;(37, 13, 19, 61, 238143);ויהי כאשר צללו שערי ירושלם לפני השבת ואמרה ויסגרו הדלתות ואמרה אשר לא יפתחום עד אחר השבת ומנערי העמדתי על השערים לא יבוא משא ביום השבת
(146397, 24, 4);[8, 10, 300, 40];משיח;37148;(31, 4, 6, 8, 37148);אשחית;3;(31, 4, 6, 27, 146397);ויאמר הגאל לא אוכל לגאול  לי פן אשחית את נחלתי גאל לך אתה את גאלתי כי לא אוכל לגאל
(202440, 24, 4);[8, 10, 300, 40];משיח;51313;(36, 2, 38, 2, 51313);פשחור;3;(36, 2, 38, 6, 202440);בני פשחור אלף מאתים ארבעים ושבעה
(262712, 24, 4);[8, 10, 300, 40];משיח;65718;(38, 15, 19, 6, 65718);נחשת;2;(38, 15, 19, 29, 262712);והמשררים הימן אסף ואיתן במצלתים נחשת להשמיע
(25921, 25, 4);[8, 10, 300, 40];משיח;6506;(27, 51, 11, 3, 6506);מחטאי;2;(27, 51, 11, 10, 25921);הסתר פניך מחטאי וכל עונתי מחה
(82420, 25, 4);[8, 10, 300, 40];משיח;20489;(28, 5, 10, 4, 20489);כחך;2;(28, 5, 10, 13, 82420);פן ישבעו זרים כחך ועצביך בבית נכרי
(233675, 25, 4);[8, 10, 300, 40];משיח;58770;(37, 11, 11, 11, 58770);אחיטוב;2;(37, 11, 11, 34, 233675);שריה בן חלקיה בן משלם בן צדוק בן מריות בן אחיטוב נגד בית האלהים
(235628, 25, 4);[8, 10, 300, 40];משיח;59204;(37, 12, 27, 12, 59204);חנכה;1;(37, 12, 27, 54, 235628);ובחנכת חומת ירושלם בקשו את הלוים מכל מקומתם להביאם לירושלם לעשת חנכה ושמחה ובתודות ובשיר מצלתים נבלים ובכנרות
(242973, 25, 4);[8, 10, 300, 40];משיח;60967;(38, 3, 6, 1, 60967);ויבחר;4;(38, 3, 6, 4, 242973);ויבחר ואלישמע ואליפלט
(259171, 25, 4);[8, 10, 300, 40];משיח;64868;(38, 12, 24, 9, 64868);חברונה;1;(38, 12, 24, 32, 259171);ואלה מספרי ראשי החלוץ לצבא באו על דויד חברונה להסב מלכות שאול אליו כפי יהוה
(107302, 26, 4);[8, 10, 300, 40];משיח;27021;(29, 2, 11, 25, 27021);ולנחמו;4;(29, 2, 11, 106, 107302);וישמעו שלשת רעי איוב את כל הרעה הזאת הבאה עליו ויבאו איש ממקמו אליפז התימני ובלדד השוחי וצופר הנעמתי ויועדו יחדו לבוא לנוד לו ולנחמו
(142144, 26, 4);[8, 10, 300, 40];משיח;36043;(30, 8, 9, 13, 36043);לוח;3;(30, 8, 9, 44, 142144);אם חומה היא נבנה עליה טירת כסף ואם דלת היא נצור עליה לוח ארז
(147844, 26, 4);[8, 10, 300, 40];משיח;37531;(32, 1, 9, 5, 37531);אחריתה;2;(32, 1, 9, 19, 147844);טמאתה בשוליה לא זכרה אחריתה ותרד פלאים אין מנחם לה ראה יהוה את עניי כי הגדיל אויב
(153085, 26, 4);[8, 10, 300, 40];משיח;38878;(32, 5, 15, 6, 38878);מחלנו;2;(32, 5, 15, 21, 153085);שבת משוש לבנו נהפך לאבל מחלנו
(163047, 26, 4);[8, 10, 300, 40];משיח;41599;(33, 11, 2, 2, 41599);חלק;1;(33, 11, 2, 3, 163047);תן חלק לשבעה וגם לשמונה כי לא תדע מה יהיה רעה על הארץ
(203184, 26, 4);[8, 10, 300, 40];משיח;51507;(36, 2, 62, 4, 51507);המתיחשים;5;(36, 2, 62, 16, 203184);אלה בקשו כתבם המתיחשים ולא נמצאו ויגאלו מן הכהנה
(26613, 27, 4);[8, 10, 300, 40];משיח;6680;(27, 53, 1, 1, 6680);למנצח;5;(27, 53, 1, 5, 26613);למנצח על מחלת משכיל לדוד
(39540, 27, 4);[8, 10, 300, 40];משיח;9889;(27, 77, 4, 4, 9889);אשיחה;4;(27, 77, 4, 20, 39540);אזכרה אלהים ואהמיה אשיחה ותתעטף רוחי סלה
(84827, 27, 4);[8, 10, 300, 40];משיח;21110;(28, 8, 10, 1, 21110);קחו;2;(28, 8, 10, 2, 84827);קחו מוסרי ואל כסף ודעת מחרוץ נבחר
(318443, 27, 4);[8, 10, 300, 40];משיח;79316;(39, 25, 23, 8, 79316);יהואחז;5;(39, 25, 23, 30, 318443);ואת אמציהו מלך יהודה בן יואש בן יהואחז תפש יואש מלך ישראל בבית שמש ויביאהו ירושלם ויפרץ בחומת ירושלם משער אפרים עד שער הפונה ארבע מאות אמה
(321713, 27, 4);[8, 10, 300, 40];משיח;80104;(39, 28, 12, 12, 80104);ויחזקיהו;3;(39, 28, 12, 54, 321713);ויקמו אנשים מראשי בני אפרים עזריהו בן יהוחנן ברכיהו בן משלמות ויחזקיהו בן שלם ועמשא בן חדלי על הבאים מן הצבא
(14197, 28, 4);[8, 10, 300, 40];משיח;3569;(27, 31, 23, 10, 3569);תחנוני;2;(27, 31, 23, 41, 14197);ואני אמרתי בחפזי נגרזתי מנגד עיניך אכן שמעת קול תחנוני בשועי אליך
(21116, 28, 4);[8, 10, 300, 40];משיח;5309;(27, 42, 6, 2, 5309);תשתוחחי;5;(27, 42, 6, 7, 21116);מה תשתוחחי נפשי ותהמי עלי הוחילי לאלהים כי עוד אודנו ישועות פניו
(56340, 28, 4);[8, 10, 300, 40];משיח;14044;(27, 105, 26, 1, 14044);שלח;3;(27, 105, 26, 3, 56340);שלח משה עבדו אהרן אשר בחר בו
(100617, 28, 4);[8, 10, 300, 40];משיח;25265;(28, 26, 19, 8, 25265);משחק;3;(28, 26, 19, 24, 100617);כן איש רמה את רעהו ואמר הלא משחק אני
(204373, 28, 4);[8, 10, 300, 40];משיח;51772;(36, 3, 9, 17, 51772);חנדד;1;(36, 3, 9, 70, 204373);ויעמד ישוע בניו ואחיו קדמיאל ובניו בני יהודה כאחד לנצח על עשה המלאכה בבית האלהים בני חנדד בניהם ואחיהם הלוים
(278347, 28, 4);[8, 10, 300, 40];משיח;69480;(38, 27, 4, 7, 69480);ומחלקתו;3;(38, 27, 4, 29, 278347);ועל מחלקת החדש השני דודי האחוחי ומחלקתו ומקלות הנגיד ועל מחלקתו עשרים וארבעה אלף
(283814, 28, 4);[8, 10, 300, 40];משיח;70773;(39, 1, 6, 6, 70773);הנחשת;3;(39, 1, 6, 19, 283814);ויעל שלמה שם על מזבח הנחשת לפני יהוה אשר לאהל מועד ויעל עליו עלות אלף
(26730, 29, 4);[8, 10, 300, 40];משיח;6711;(27, 53, 4, 4, 6711);נאלחו;4;(27, 53, 4, 13, 26730);כלו סג יחדו נאלחו אין עשה טוב אין גם אחד
(41313, 29, 4);[8, 10, 300, 40];משיח;10317;(27, 78, 39, 5, 10317);רוח;3;(27, 78, 39, 16, 41313);ויזכר כי בשר המה רוח הולך ולא ישוב
(43649, 29, 4);[8, 10, 300, 40];משיח;10871;(27, 81, 8, 7, 10871);אבחנך;3;(27, 81, 8, 28, 43649);בצרה קראת ואחלצך אענך בסתר רעם אבחנך על מי מריבה סלה
(175357, 29, 4);[8, 10, 300, 40];משיח;44716;(34, 9, 22, 7, 44716);והחדש;3;(34, 9, 22, 32, 175357);כימים אשר נחו בהם היהודים מאויביהם והחדש אשר נהפך להם מיגון לשמחה ומאבל ליום טוב לעשות אותם ימי משתה ושמחה ומשלוח מנות איש לרעהו ומתנות לאביונים
(237734, 29, 4);[8, 10, 300, 40];משיח;59670;(37, 13, 14, 8, 59670);חסדי;1;(37, 13, 14, 22, 237734);זכרה לי אלהי על זאת ואל תמח חסדי אשר עשיתי בבית אלהי ובמשמריו
(246121, 29, 4);[8, 10, 300, 40];משיח;61726;(38, 5, 15, 1, 61726);אחי;2;(38, 5, 15, 2, 246121);אחי בן עבדיאל בן גוני ראש לבית אבותם
(5103, 30, 4);[8, 10, 300, 40];משיח;1298;(27, 14, 5, 3, 1298);פחד;2;(27, 14, 5, 8, 5103);שם פחדו פחד כי אלהים בדור צדיק
(121050, 30, 4);[8, 10, 300, 40];משיח;30599;(29, 21, 27, 3, 30599);מחשבותיכם;2;(29, 21, 27, 9, 121050);הן ידעתי מחשבותיכם ומזמות עלי תחמסו
(156482, 30, 4);[8, 10, 300, 40];משיח;39792;(33, 3, 22, 11, 39792);חלקו;1;(33, 3, 22, 38, 156482);וראיתי כי אין טוב מאשר ישמח האדם במעשיו כי הוא חלקו כי מי יביאנו לראות במה שיהיה אחריו
(211965, 30, 4);[8, 10, 300, 40];משיח;53615;(36, 8, 18, 17, 53615);ואחיו;3;(36, 8, 18, 68, 211965);ויביאו לנו כיד אלהינו הטובה עלינו איש שכל מבני מחלי בן לוי בן ישראל ושרביה ובניו ואחיו שמנה עשר
(124299, 31, 4);[8, 10, 300, 40];משיח;31457;(29, 27, 16, 5, 31457);וכחמר;3;(29, 27, 16, 16, 124299);אם יצבר כעפר כסף וכחמר יכין מלבוש
(20282, 32, 4);[8, 10, 300, 40];משיח;5093;(27, 40, 14, 6, 5093);חושה;1;(27, 40, 14, 25, 20282);רצה יהוה להצילני יהוה לעזרתי חושה
(77253, 32, 4);[8, 10, 300, 40];משיח;19201;(27, 146, 7, 5, 19201);לחם;2;(27, 146, 7, 19, 77253);עשה משפט לעשוקים נתן לחם לרעבים יהוה מתיר אסורים
(151976, 32, 4);[8, 10, 300, 40];משיח;38608;(32, 4, 8, 2, 38608);משחור;3;(32, 4, 8, 6, 151976);חשך משחור תארם לא נכרו בחוצות צפד עורם על עצמם יבש היה כעץ
(161641, 32, 4);[8, 10, 300, 40];משיח;41235;(33, 9, 9, 9, 41235);חיי;1;(33, 9, 9, 25, 161641);ראה חיים עם אשה אשר אהבת כל ימי חיי הבלך אשר נתן לך תחת השמש כל ימי הבלך כי הוא חלקך בחיים ובעמלך אשר אתה עמל תחת השמש
(274878, 32, 4);[8, 10, 300, 40];משיח;68706;(38, 24, 22, 5, 68706);יחת;2;(38, 24, 22, 22, 274878);ליצהרי שלמות לבני שלמות יחת
(299330, 32, 4);[8, 10, 300, 40];משיח;74629;(39, 12, 2, 3, 74629);החמישית;2;(39, 12, 2, 10, 299330);ויהי בשנה החמישית למלך רחבעם עלה שישק מלך מצרים על ירושלם כי מעלו ביהוה
(4196, 33, 4);[8, 10, 300, 40];משיח;1063;(27, 11, 2, 7, 1063);חצם;1;(27, 11, 2, 26, 4196);כי הנה הרשעים ידרכון קשת כוננו חצם על יתר לירות במו אפל לישרי לב
(17330, 33, 4);[8, 10, 300, 40];משיח;4358;(27, 37, 1, 3, 4358);תתחר;3;(27, 37, 1, 9, 17330);לדוד אל תתחר במרעים אל תקנא בעשי עולה
(48127, 33, 4);[8, 10, 300, 40];משיח;11985;(27, 89, 42, 6, 11985);חרפה;1;(27, 89, 42, 17, 48127);שסהו כל עברי דרך היה חרפה לשכניו
(62076, 33, 4);[8, 10, 300, 40];משיח;15427;(27, 114, 7, 3, 15427);חולי;1;(27, 114, 7, 10, 62076);מלפני אדון חולי ארץ מלפני אלוה יעקב
(164825, 33, 4);[8, 10, 300, 40];משיח;42059;(34, 1, 10, 10, 42059);חרבונא;1;(34, 1, 10, 38, 164825);ביום השביעי כטוב לב המלך ביין אמר למהומן בזתא חרבונא בגתא ואבגתא זתר וכרכס שבעת הסריסים המשרתים את פני המלך אחשורוש
(250551, 33, 4);[8, 10, 300, 40];משיח;62796;(38, 7, 11, 15, 62796);למלחמה;4;(38, 7, 11, 61, 250551);כל אלה בני ידיעאל לראשי האבות גבורי חילים שבעה עשר אלף ומאתים יצאי צבא למלחמה
(256606, 33, 4);[8, 10, 300, 40];משיח;64264;(38, 11, 13, 12, 64264);חלקת;1;(38, 11, 13, 45, 256606);הוא היה עם דויד בפס דמים והפלשתים נאספו שם למלחמה ותהי חלקת השדה מלאה שעורים והעם נסו מפני פלשתים
(59486, 34, 4);[8, 10, 300, 40];משיח;14781;(27, 107, 43, 6, 14781);חסדי;1;(27, 107, 43, 22, 59486);מי חכם וישמר אלה ויתבוננו חסדי יהוה
(113918, 34, 4);[8, 10, 300, 40];משיח;28757;(29, 12, 2, 7, 28757);חכמה;1;(29, 12, 2, 21, 113918);אמנם כי אתם עם ועמכם תמות חכמה
(262060, 34, 4);[8, 10, 300, 40];משיח;65578;(38, 15, 8, 5, 65578);ואחיו;3;(38, 15, 8, 21, 262060);לבני אליצפן שמעיה השר ואחיו מאתים
(76867, 35, 4);[8, 10, 300, 40];משיח;19100;(27, 145, 16, 1, 19100);פותח;4;(27, 145, 16, 4, 76867);פותח את ידך ומשביע לכל חי רצון
(280628, 35, 4);[8, 10, 300, 40];משיח;70017;(38, 28, 9, 20, 70017);מחשבות;2;(38, 28, 9, 69, 280628);ואתה שלמה בני דע את אלהי אביך ועבדהו בלב שלם ובנפש חפצה כי כל לבבות דורש יהוה וכל יצר מחשבות מבין אם תדרשנו ימצא לך ואם תעזבנו יזניחך לעד
(319454, 35, 4);[8, 10, 300, 40];משיח;79554;(39, 26, 11, 3, 79554);חיל;1;(39, 26, 11, 11, 319454);ויהי לעזיהו חיל עשה מלחמה יוצאי צבא לגדוד במספר פקדתם ביד יעואל  הסופר ומעשיהו השוטר על יד חנניהו משרי המלך
(27614, 36, 4);[8, 10, 300, 40];משיח;6931;(27, 55, 16, 5, 6931);חיים;1;(27, 55, 16, 20, 27614);ישימות   עלימו ירדו שאול חיים כי רעות במגורם בקרבם
(115462, 36, 4);[8, 10, 300, 40];משיח;29162;(29, 14, 4, 6, 29162);אחד;2;(29, 14, 4, 17, 115462);מי יתן טהור מטמא לא אחד
(59120, 37, 4);[8, 10, 300, 40];משיח;14695;(27, 107, 30, 4, 14695);וינחם;4;(27, 107, 30, 17, 59120);וישמחו כי ישתקו וינחם אל מחוז חפצם
(80223, 37, 4);[8, 10, 300, 40];משיח;19923;(28, 2, 16, 6, 19923);החליקה;2;(28, 2, 16, 26, 80223);להצילך מאשה זרה מנכריה אמריה החליקה
(150739, 37, 4);[8, 10, 300, 40];משיח;38286;(32, 3, 26, 2, 38286);ויחיל;3;(32, 3, 26, 6, 150739);טוב ויחיל ודומם לתשועת יהוה
(151525, 37, 4);[8, 10, 300, 40];משיח;38496;(32, 3, 61, 5, 38496);מחשבתם;2;(32, 3, 61, 17, 151525);שמעת חרפתם יהוה כל מחשבתם עלי
(156765, 37, 4);[8, 10, 300, 40];משיח;39871;(33, 4, 5, 2, 39871);חבק;1;(33, 4, 5, 6, 156765);הכסיל חבק את ידיו ואכל את בשרו
(244047, 37, 4);[8, 10, 300, 40];משיח;61217;(38, 4, 11, 2, 61217);אחי;2;(38, 4, 11, 7, 244047);וכלוב אחי שוחה הוליד את מחיר הוא אבי אשתון
(326079, 37, 4);[8, 10, 300, 40];משיח;81128;(39, 30, 15, 2, 81128);הפסח;4;(39, 30, 15, 10, 326079);וישחטו הפסח בארבעה עשר לחדש השני והכהנים והלוים נכלמו ויתקדשו ויביאו עלות בית יהוה
(25489, 38, 4);[8, 10, 300, 40];משיח;6404;(27, 50, 20, 2, 6404);באחיך;3;(27, 50, 20, 6, 25489);תשב באחיך תדבר בבן אמך תתן דפי
(120363, 38, 4);[8, 10, 300, 40];משיח;30428;(29, 21, 2, 6, 30428);תנחומתיכם;3;(29, 21, 2, 22, 120363);שמעו שמוע מלתי ותהי זאת תנחומתיכם
(211091, 38, 4);[8, 10, 300, 40];משיח;53424;(36, 8, 1, 4, 53424);והתיחשם;5;(36, 8, 1, 19, 211091);ואלה ראשי אבתיהם והתיחשם העלים עמי במלכות ארתחשסתא המלך מבבל
(14325, 39, 4);[8, 10, 300, 40];משיח;3601;(27, 32, 2, 4, 3601);יחשב;2;(27, 32, 2, 11, 14325);אשרי אדם לא יחשב יהוה לו עון ואין ברוחו רמיה
(74725, 39, 4);[8, 10, 300, 40];משיח;18584;(27, 141, 1, 5, 18584);חושה;1;(27, 141, 1, 20, 74725);מזמור לדוד יהוה קראתיך חושה לי האזינה קולי בקראי לך
(127413, 39, 4);[8, 10, 300, 40];משיח;32252;(29, 31, 20, 7, 32252);יתחמם;3;(29, 31, 20, 25, 127413);אם לא ברכוני חלצו  ומגז כבשי יתחמם
(77714, 40, 4);[8, 10, 300, 40];משיח;19311;(27, 147, 11, 7, 19311);לחסדו;2;(27, 147, 11, 26, 77714);רוצה יהוה את יראיו את המיחלים לחסדו
(99096, 40, 4);[8, 10, 300, 40];משיח;24854;(28, 24, 30, 9, 24854);חסר;1;(28, 24, 30, 26, 99096);על שדה איש עצל עברתי ועל כרם אדם חסר לב
(183720, 40, 4);[8, 10, 300, 40];משיח;46754;(35, 4, 2, 7, 46754);וחזוי;2;(35, 4, 2, 31, 183720);חלם חזית וידחלנני והרהרין על משכבי וחזוי ראשי יבהלנני
(150169, 41, 4);[8, 10, 300, 40];משיח;38142;(32, 2, 22, 14, 38142);טפחתי;3;(32, 2, 22, 53, 150169);תקרא כיום מועד מגורי מסביב ולא היה ביום אף יהוה פליט ושריד אשר טפחתי ורביתי איבי כלם
(172013, 41, 4);[8, 10, 300, 40];משיח;43900;(34, 7, 4, 12, 43900);החרשתי;2;(34, 7, 4, 56, 172013);כי נמכרנו אני ועמי להשמיד להרוג ולאבד ואלו לעבדים ולשפחות נמכרנו החרשתי כי אין הצר שוה בנזק המלך
(235067, 41, 4);[8, 10, 300, 40];משיח;59085;(37, 12, 12, 10, 59085);חנניה;1;(37, 12, 12, 44, 235067);ובימי יויקים היו כהנים ראשי האבות לשריה מריה לירמיה חנניה
(245381, 41, 4);[8, 10, 300, 40];משיח;61542;(38, 4, 41, 22, 61542);תחתיהם;2;(38, 4, 41, 95, 245381);ויבאו אלה הכתובים בשמות בימי יחזקיהו מלך יהודה ויכו את אהליהם ואת המעינים  אשר נמצאו שמה ויחרימם עד היום הזה וישבו תחתיהם כי מרעה לצאנם שם
(257143, 41, 4);[8, 10, 300, 40];משיח;64396;(38, 11, 22, 6, 64396);חיל;1;(38, 11, 22, 18, 257143);בניה בן יהוידע בן איש חיל רב פעלים מן קבצאל הוא הכה את שני אריאל מואב והוא ירד והכה את הארי בתוך הבור ביום השלג
(260969, 41, 4);[8, 10, 300, 40];משיח;65311;(38, 14, 1, 10, 65311);וחרשי;2;(38, 14, 1, 37, 260969);וישלח חירם  מלך צר מלאכים אל דויד ועצי ארזים וחרשי קיר וחרשי עצים לבנות לו בית
(288222, 41, 4);[8, 10, 300, 40];משיח;71842;(39, 4, 22, 7, 71842);ופתח;4;(39, 4, 22, 40, 288222);והמזמרות והמזרקות והכפות והמחתות זהב סגור ופתח הבית דלתותיו הפנימיות לקדש הקדשים ודלתי הבית להיכל זהב
(100257, 42, 4);[8, 10, 300, 40];משיח;25169;(28, 26, 6, 3, 25169);חמס;1;(28, 26, 6, 10, 100257);מקצה רגלים חמס שתה שלח דברים ביד כסיל
(101796, 42, 4);[8, 10, 300, 40];משיח;25572;(28, 28, 3, 8, 25572);לחם;2;(28, 28, 3, 25, 101796);גבר רש ועשק דלים מטר סחף ואין לחם
(29116, 43, 4);[8, 10, 300, 40];משיח;7316;(27, 58, 10, 8, 7316);חרון;1;(27, 58, 10, 28, 29116);בטרם יבינו סירתיכם אטד כמו חי כמו חרון ישערנו
(71991, 43, 4);[8, 10, 300, 40];משיח;17885;(27, 135, 12, 3, 17885);נחלה;2;(27, 135, 12, 10, 71991);ונתן ארצם נחלה נחלה לישראל עמו
(109901, 43, 4);[8, 10, 300, 40];משיח;27688;(29, 6, 10, 7, 27688);יחמול;2;(29, 6, 10, 27, 109901);ותהי עוד נחמתי ואסלדה בחילה לא יחמול כי לא כחדתי אמרי קדוש
(149249, 43, 4);[8, 10, 300, 40];משיח;37902;(32, 2, 9, 6, 37902);בריחיה;4;(32, 2, 9, 24, 149249);טבעו בארץ שעריה אבד ושבר בריחיה מלכה ושריה בגוים אין תורה גם נביאיה לא מצאו חזון מיהוה
(195964, 43, 4);[8, 10, 300, 40];משיח;49730;(35, 9, 26, 20, 49730);נחרצת;2;(35, 9, 26, 78, 195964);ואחרי השבעים ששים ושנים יכרת משיח ואין לו והעיר והקדש ישחית עם נגיד הבא וקצו בשטף ועד קץ מלחמה נחרצת שממות
(278747, 43, 4);[8, 10, 300, 40];משיח;69568;(38, 27, 11, 6, 69568);לזרחי;4;(38, 27, 11, 29, 278747);השמיני לחדש השמיני סבכי החשתי לזרחי ועל מחלקתו עשרים וארבעה אלף
(16521, 44, 4);[8, 10, 300, 40];משיח;4156;(27, 35, 16, 4, 4156);חרק;1;(27, 35, 16, 14, 16521);בחנפי לעגי מעוג חרק עלי שנימו
(73608, 44, 4);[8, 10, 300, 40];משיח;18300;(27, 139, 3, 1, 18300);ארחי;3;(27, 139, 3, 3, 73608);ארחי ורבעי זרית וכל דרכי הסכנתה
(171678, 44, 4);[8, 10, 300, 40];משיח;43818;(34, 6, 13, 21, 43818);החלות;2;(34, 6, 13, 80, 171678);ויספר המן לזרש אשתו ולכל אהביו את כל אשר קרהו ויאמרו לו חכמיו וזרש אשתו אם מזרע היהודים מרדכי אשר החלות לנפל לפניו לא תוכל לו כי נפול תפול לפניו
(191600, 44, 4);[8, 10, 300, 40];משיח;48691;(35, 7, 14, 21, 48691);תתחבל;3;(35, 7, 14, 80, 191600);ולה יהיב שלטן ויקר ומלכו וכל עממיא אמיא ולשניא לה יפלחון שלטנה שלטן עלם די לא יעדה ומלכותה די לא תתחבל
(316073, 44, 4);[8, 10, 300, 40];משיח;78731;(39, 24, 17, 7, 78731);וישתחוו;5;(39, 24, 17, 30, 316073);ואחרי מות יהוידע באו שרי יהודה וישתחוו למלך אז שמע המלך אליהם
(9158, 45, 4);[8, 10, 300, 40];משיח;2298;(27, 22, 1, 4, 2298);השחר;3;(27, 22, 1, 14, 9158);למנצח על אילת השחר מזמור לדוד
(83753, 45, 4);[8, 10, 300, 40];משיח;20835;(28, 6, 33, 4, 20835);וחרפתו;2;(28, 6, 33, 14, 83753);נגע וקלון ימצא וחרפתו לא תמחה
(18381, 46, 4);[8, 10, 300, 40];משיח;4617;(27, 37, 35, 5, 4617);כאזרח;5;(27, 37, 35, 23, 18381);ראיתי רשע עריץ ומתערה כאזרח רענן
(31904, 46, 4);[8, 10, 300, 40];משיח;8014;(27, 65, 7, 3, 8014);בכחו;3;(27, 65, 7, 11, 31904);מכין הרים בכחו נאזר בגבורה
(220335, 46, 4);[8, 10, 300, 40];משיח;55607;(37, 3, 27, 11, 55607);חומת;1;(37, 3, 27, 47, 220335);אחריו החזיקו התקעים מדה שנית מנגד המגדל הגדול היוצא ועד חומת העפל
(220379, 46, 4);[8, 10, 300, 40];משיח;55617;(37, 3, 29, 1, 55617);אחריו;2;(37, 3, 29, 2, 220379);אחריו החזיק צדוק בן אמר נגד ביתו ואחריו החזיק שמעיה בן שכניה שמר שער המזרח
(251933, 46, 4);[8, 10, 300, 40];משיח;63132;(38, 8, 8, 6, 63132);שלחו;3;(38, 8, 8, 24, 251933);ושחרים הוליד בשדה מואב מן שלחו אתם חושים ואת בערא נשיו
(323936, 46, 4);[8, 10, 300, 40];משיח;80639;(39, 29, 19, 7, 80639);אחז;2;(39, 29, 19, 24, 323936);ואת כל הכלים אשר הזניח המלך אחז במלכותו במעלו הכנו והקדשנו והנם לפני מזבח יהוה
(89581, 47, 4);[8, 10, 300, 40];משיח;22328;(28, 14, 8, 1, 22328);חכמת;1;(28, 14, 8, 1, 89581);חכמת ערום הבין דרכו ואולת כסילים מרמה
(147380, 47, 4);[8, 10, 300, 40];משיח;37408;(32, 1, 2, 6, 37408);לחיה;2;(32, 1, 2, 22, 147380);בכו תבכה בלילה ודמעתה על לחיה אין לה מנחם מכל אהביה כל רעיה בגדו בה היו לה לאיבים
(293690, 47, 4);[8, 10, 300, 40];משיח;73222;(39, 7, 22, 15, 73222);אחרים;2;(39, 7, 22, 63, 293690);ואמרו על אשר עזבו את יהוה אלהי אבתיהם אשר הוציאם מארץ מצרים ויחזיקו באלהים אחרים וישתחוו להם ויעבדום על כן הביא עליהם את כל הרעה הזאת
(318636, 47, 4);[8, 10, 300, 40];משיח;79363;(39, 25, 25, 7, 79363);אחרי;2;(39, 25, 25, 26, 318636);ויחי אמציהו בן יואש מלך יהודה אחרי מות יואש בן יהואחז מלך ישראל חמש עשרה שנה
(27677, 48, 4);[8, 10, 300, 40];משיח;6945;(27, 55, 18, 4, 6945);אשיחה;4;(27, 55, 18, 17, 27677);ערב ובקר וצהרים אשיחה ואהמה וישמע קולי
(41313, 48, 4);[8, 10, 300, 40];משיח;10317;(27, 78, 39, 5, 10317);רוח;3;(27, 78, 39, 16, 41313);ויזכר כי בשר המה רוח הולך ולא ישוב
(225889, 48, 4);[8, 10, 300, 40];משיח;56927;(37, 7, 35, 2, 56927);חרם;1;(37, 7, 35, 4, 225889);בני חרם שלש מאות ועשרים
(236053, 48, 4);[8, 10, 300, 40];משיח;59296;(37, 12, 36, 9, 59296);חנני;1;(37, 12, 36, 39, 236053);ואחיו שמעיה ועזראל מללי גללי מעי נתנאל ויהודה חנני בכלי שיר דויד איש האלהים ועזרא הסופר לפניהם
(111182, 49, 4);[8, 10, 300, 40];משיח;28029;(29, 8, 4, 5, 28029);וישלחם;5;(29, 8, 4, 17, 111182);אם בניך חטאו לו וישלחם ביד פשעם
(125761, 49, 4);[8, 10, 300, 40];משיח;31826;(29, 29, 18, 5, 31826);וכחול;3;(29, 29, 18, 16, 125761);ואמר עם קני אגוע וכחול ארבה ימים
(236495, 49, 4);[8, 10, 300, 40];משיח;59391;(37, 12, 43, 4, 59391);זבחים;3;(37, 12, 43, 17, 236495);ויזבחו ביום ההוא זבחים גדולים וישמחו כי האלהים שמחם שמחה גדולה וגם הנשים והילדים שמחו ותשמע שמחת ירושלם מרחוק
(245251, 49, 4);[8, 10, 300, 40];משיח;61511;(38, 4, 40, 6, 61511);רחבת;2;(38, 4, 40, 24, 245251);וימצאו מרעה שמן וטוב והארץ רחבת ידים ושקטת ושלוה כי מן חם הישבים שם לפנים
(246079, 49, 4);[8, 10, 300, 40];משיח;61713;(38, 5, 14, 5, 61713);חורי;1;(38, 5, 14, 15, 246079);אלה בני אביחיל בן חורי בן ירוח בן גלעד בן מיכאל בן ישישי בן יחדו בן בוז
(1076, 50, 4);[8, 10, 300, 40];משיח;275;(27, 4, 6, 2, 275);זבחי;3;(27, 4, 6, 7, 1076);זבחו זבחי צדק ובטחו אל יהוה
(27794, 50, 4);[8, 10, 300, 40];משיח;6976;(27, 55, 22, 1, 6976);חלקו;1;(27, 55, 22, 1, 27794);חלקו מחמאת פיו וקרב לבו רכו דבריו משמן והמה פתחות
(94984, 50, 4);[8, 10, 300, 40];משיח;23758;(28, 20, 13, 6, 23758);פקח;3;(28, 20, 13, 18, 94984);אל תאהב שנה פן תורש פקח עיניך שבע לחם
(140334, 50, 4);[8, 10, 300, 40];משיח;35606;(30, 5, 10, 2, 35606);צח;2;(30, 5, 10, 6, 140334);דודי צח ואדום דגול מרבבה
(261148, 50, 4);[8, 10, 300, 40];משיח;65354;(38, 14, 5, 1, 65354);ויבחר;4;(38, 14, 5, 4, 261148);ויבחר ואלישוע ואלפלט
(276022, 50, 4);[8, 10, 300, 40];משיח;68963;(38, 25, 16, 4, 68963);ואחיו;3;(38, 25, 16, 19, 276022);התשיעי מתניהו בניו ואחיו שנים עשר
(81437, 51, 4);[8, 10, 300, 40];משיח;20233;(28, 4, 2, 2, 20233);לקח;3;(28, 4, 2, 5, 81437);כי לקח טוב נתתי לכם תורתי אל תעזבו
(91244, 51, 4);[8, 10, 300, 40];משיח;22756;(28, 15, 31, 3, 22756);תוכחת;4;(28, 15, 31, 11, 91244);אזן שמעת תוכחת חיים בקרב חכמים תלין
(211091, 51, 4);[8, 10, 300, 40];משיח;53424;(36, 8, 1, 4, 53424);והתיחשם;5;(36, 8, 1, 19, 211091);ואלה ראשי אבתיהם והתיחשם העלים עמי במלכות ארתחשסתא המלך מבבל
(136133, 52, 4);[8, 10, 300, 40];משיח;34565;(29, 41, 21, 4, 34565);וישחק;4;(29, 41, 21, 16, 136133);כקש נחשבו תותח וישחק לרעש כידון
(278323, 52, 4);[8, 10, 300, 40];משיח;69475;(38, 27, 4, 2, 69475);מחלקת;2;(38, 27, 4, 5, 278323);ועל מחלקת החדש השני דודי האחוחי ומחלקתו ומקלות הנגיד ועל מחלקתו עשרים וארבעה אלף
(285671, 52, 4);[8, 10, 300, 40];משיח;71238;(39, 2, 14, 2, 71238);החטים;2;(39, 2, 14, 6, 285671);ועתה החטים והשערים השמן והיין אשר אמר אדני ישלח לעבדיו
(294125, 52, 4);[8, 10, 300, 40];משיח;73335;(39, 8, 8, 5, 73335);אחריהם;2;(39, 8, 8, 17, 294125);מן בניהם אשר נותרו אחריהם בארץ אשר לא כלום בני ישראל ויעלם שלמה למס עד היום הזה
(294781, 52, 4);[8, 10, 300, 40];משיח;73500;(39, 8, 18, 1, 73500);וישלח;5;(39, 8, 18, 5, 294781);וישלח לו חורם ביד עבדיו אוניות  ועבדים יודעי ים ויבאו עם עבדי שלמה אופירה ויקחו משם ארבע מאות וחמשים ככר זהב ויביאו אל המלך שלמה
(336514, 52, 4);[8, 10, 300, 40];משיח;83564;(39, 35, 22, 18, 83564);להלחם;4;(39, 35, 22, 65, 336514);ולא הסב יאשיהו פניו ממנו כי להלחם בו התחפש ולא שמע אל דברי נכו מפי אלהים ויבא להלחם בבקעת מגדו
(103653, 53, 4);[8, 10, 300, 40];משיח;26057;(28, 30, 8, 4, 26057);הרחק;3;(28, 30, 8, 13, 103653);שוא ודבר כזב הרחק ממני ראש ועשר אל תתן לי הטריפני לחם חקי
(140130, 53, 4);[8, 10, 300, 40];משיח;35558;(30, 5, 6, 5, 35558);חמק;1;(30, 5, 6, 19, 140130);פתחתי אני לדודי ודודי חמק עבר נפשי יצאה בדברו בקשתיהו ולא מצאתיהו קראתיו ולא ענני
(160119, 53, 4);[8, 10, 300, 40];משיח;40809;(33, 8, 1, 7, 40809);חכמת;1;(33, 8, 1, 21, 160119);מי כהחכם ומי יודע פשר דבר חכמת אדם תאיר פניו ועז פניו ישנא
(259796, 53, 4);[8, 10, 300, 40];משיח;65018;(38, 12, 38, 6, 65018);וחצי;2;(38, 12, 38, 26, 259796);ומעבר לירדן מן הראובני והגדי וחצי שבט מנשה בכל כלי צבא מלחמה מאה ועשרים אלף
(267255, 53, 4);[8, 10, 300, 40];משיח;66826;(38, 18, 10, 19, 66826);מלחמות;3;(38, 18, 10, 72, 267255);וישלח את הדורם בנו אל המלך דויד לשאול  לו לשלום ולברכו על אשר נלחם בהדדעזר ויכהו כי איש מלחמות תעו היה הדדעזר וכל כלי זהב וכסף ונחשת
(197216, 54, 4);[8, 10, 300, 40];משיח;50047;(35, 10, 19, 5, 50047);חמדות;1;(35, 10, 19, 15, 197216);ויאמר אל תירא איש חמדות שלום לך חזק וחזק ובדברו עמי התחזקתי ואמרה ידבר אדני כי חזקתני
(213886, 54, 4);[8, 10, 300, 40];משיח;54054;(36, 9, 9, 23, 54054);חרבתיו;1;(36, 9, 9, 91, 213886);כי עבדים אנחנו ובעבדתנו לא עזבנו אלהינו ויט עלינו חסד לפני מלכי פרס לתת לנו מחיה לרומם את בית אלהינו ולהעמיד את חרבתיו ולתת לנו גדר ביהודה ובירושלם
(262958, 54, 4);[8, 10, 300, 40];משיח;65764;(38, 15, 24, 10, 65764);בחצצרות;2;(38, 15, 24, 59, 262958);ושבניהו ויושפט ונתנאל ועמשי וזכריהו ובניהו ואליעזר הכהנים מחצצרים  בחצצרות לפני ארון האלהים ועבד אדם ויחיה שערים לארון
(5477, 55, 4);[8, 10, 300, 40];משיח;1401;(27, 16, 4, 3, 1401);אחר;2;(27, 16, 4, 12, 5477);ירבו עצבותם אחר מהרו בל אסיך נסכיהם מדם ובל אשא את שמותם על שפתי
(114176, 55, 4);[8, 10, 300, 40];משיח;28828;(29, 12, 10, 5, 28828);חי;1;(29, 12, 10, 13, 114176);אשר בידו נפש כל חי ורוח כל בשר איש
(256749, 55, 4);[8, 10, 300, 40];משיח;64297;(38, 11, 15, 15, 64297);חנה;1;(38, 11, 15, 55, 256749);וירדו שלושה מן השלושים ראש על הצר אל דויד אל מערת עדלם ומחנה פלשתים חנה בעמק רפאים
(256933, 55, 4);[8, 10, 300, 40];משיח;64342;(38, 11, 19, 2, 64342);חלילה;1;(38, 11, 19, 6, 256933);ויאמר חלילה לי מאלהי מעשות זאת הדם האנשים האלה אשתה בנפשותם כי בנפשותם הביאום ולא אבה לשתותם אלה עשו שלשת הגבורים
(270815, 55, 4);[8, 10, 300, 40];משיח;67738;(38, 21, 21, 13, 67738);וישתחו;5;(38, 21, 21, 47, 270815);ויבא דויד עד ארנן ויבט ארנן וירא את דויד ויצא מן הגרן וישתחו לדויד אפים ארצה
(329342, 55, 4);[8, 10, 300, 40];משיח;81858;(39, 32, 12, 15, 81858);אחד;2;(39, 32, 12, 67, 329342);הלא הוא יחזקיהו הסיר את במתיו ואת מזבחתיו ויאמר ליהודה ולירושלם לאמר לפני מזבח אחד תשתחוו ועליו תקטירו
(338100, 55, 4);[8, 10, 300, 40];משיח;83922;(39, 36, 20, 4, 83922);החרב;2;(39, 36, 20, 14, 338100);ויגל השארית מן החרב אל בבל ויהיו לו ולבניו לעבדים עד מלך מלכות פרס
(30689, 56, 4);[8, 10, 300, 40];משיח;7704;(27, 62, 4, 11, 7704);הדחויה;3;(27, 62, 4, 39, 30689);עד אנה תהותתו על איש תרצחו כלכם כקיר נטוי גדר הדחויה
(123680, 56, 4);[8, 10, 300, 40];משיח;31286;(29, 26, 8, 7, 31286);תחתם;2;(29, 26, 8, 23, 123680);צרר מים בעביו ולא נבקע ענן תחתם
(219475, 56, 4);[8, 10, 300, 40];משיח;55395;(37, 3, 13, 16, 55395);בחומה;2;(37, 3, 13, 70, 219475);את שער הגיא החזיק חנון וישבי זנוח המה בנוהו ויעמידו דלתתיו מנעליו ובריחיו ואלף אמה בחומה עד שער השפות
(71260, 57, 4);[8, 10, 300, 40];משיח;17697;(27, 132, 14, 2, 17697);מנוחתי;4;(27, 132, 14, 7, 71260);זאת מנוחתי עדי עד פה אשב כי אותיה
(87869, 57, 4);[8, 10, 300, 40];משיח;21882;(28, 11, 30, 7, 21882);חכם;1;(28, 11, 30, 23, 87869);פרי צדיק עץ חיים ולקח נפשות חכם
(126054, 57, 4);[8, 10, 300, 40];משיח;31900;(29, 30, 3, 1, 31900);בחסר;2;(29, 30, 3, 2, 126054);בחסר ובכפן גלמוד הערקים ציה אמש שואה ומשאה
(129037, 57, 4);[8, 10, 300, 40];משיח;32690;(29, 33, 11, 6, 32690);ארחתי;3;(29, 33, 11, 19, 129037);ישם בסד רגלי ישמר כל ארחתי
(272978, 57, 4);[8, 10, 300, 40];משיח;68273;(38, 23, 11, 2, 68273);יחת;2;(38, 23, 11, 6, 272978);ויהי יחת הראש וזיזה השני ויעוש ובריעה לא הרבו בנים ויהיו לבית אב לפקדה אחת
(276135, 57, 4);[8, 10, 300, 40];משיח;68990;(38, 25, 20, 5, 68990);ואחיו;3;(38, 25, 20, 20, 276135);לשלשה עשר שובאל בניו ואחיו שנים עשר
(35728, 58, 4);[8, 10, 300, 40];משיח;8932;(27, 71, 1, 3, 8932);חסיתי;1;(27, 71, 1, 7, 35728);בך יהוה חסיתי אל אבושה לעולם
(89458, 58, 4);[8, 10, 300, 40];משיח;22295;(28, 14, 3, 6, 22295);חכמים;1;(28, 14, 3, 20, 89458);בפי אויל חטר גאוה ושפתי חכמים תשמורם
(138920, 58, 4);[8, 10, 300, 40];משיח;35262;(30, 3, 8, 3, 35262);חרב;1;(30, 3, 8, 8, 138920);כלם אחזי חרב מלמדי מלחמה איש חרבו על ירכו מפחד בלילות
(149602, 58, 4);[8, 10, 300, 40];משיח;37994;(32, 2, 14, 12, 37994);ויחזו;3;(32, 2, 14, 43, 149602);נביאיך חזו לך שוא ותפל ולא גלו על עונך להשיב שביתך  ויחזו לך משאות שוא ומדוחים
(163410, 58, 4);[8, 10, 300, 40];משיח;41703;(33, 11, 9, 2, 41703);בחור;2;(33, 11, 9, 5, 163410);שמח בחור בילדותיך ויטיבך לבך בימי בחורותך והלך בדרכי לבך ובמראי עיניך ודע כי על כל אלה יביאך האלהים במשפט
(296196, 58, 4);[8, 10, 300, 40];משיח;73858;(39, 9, 20, 16, 73858);נחשב;2;(39, 9, 20, 54, 296196);וכל כלי משקה המלך שלמה זהב וכל כלי בית יער הלבנון זהב סגור אין כסף נחשב בימי שלמה למאומה
(300094, 58, 4);[8, 10, 300, 40];משיח;74817;(39, 12, 13, 20, 74817);בחר;2;(39, 12, 13, 84, 300094);ויתחזק המלך רחבעם בירושלם וימלך כי בן ארבעים ואחת שנה רחבעם במלכו ושבע עשרה שנה מלך בירושלם העיר אשר בחר יהוה לשום את שמו שם מכל שבטי ישראל ושם אמו נעמה העמנית
(16682, 59, 4);[8, 10, 300, 40];משיח;4196;(27, 35, 21, 5, 4196);האח;3;(27, 35, 21, 21, 16682);וירחיבו עלי פיהם אמרו האח האח ראתה עינינו
(82376, 59, 4);[8, 10, 300, 40];משיח;20478;(28, 5, 8, 7, 20478);פתח;3;(28, 5, 8, 25, 82376);הרחק מעליה דרכך ואל תקרב אל פתח ביתה
(241495, 59, 4);[8, 10, 300, 40];משיח;60594;(38, 2, 24, 1, 60594);ואחר;3;(38, 2, 24, 3, 241495);ואחר מות חצרון בכלב אפרתה ואשת חצרון אביה ותלד לו את אשחור אבי תקוע
(296245, 59, 4);[8, 10, 300, 40];משיח;73870;(39, 9, 21, 9, 73870);אחת;2;(39, 9, 21, 33, 296245);כי אניות למלך הלכות תרשיש עם עבדי חורם אחת לשלוש שנים תבואנה אניות תרשיש נשאות זהב וכסף שנהבים וקופים ותוכיים
(132302, 60, 4);[8, 10, 300, 40];משיח;33577;(29, 37, 9, 2, 33577);החדר;2;(29, 37, 9, 4, 132302);מן החדר תבוא סופה וממזרים קרה
(276660, 60, 4);[8, 10, 300, 40];משיח;69102;(38, 26, 4, 8, 69102);יואח;4;(38, 26, 4, 36, 276660);ולעבד אדם בנים שמעיה הבכור יהוזבד השני יואח השלשי ושכר הרביעי ונתנאל החמישי
(162616, 61, 4);[8, 10, 300, 40];משיח;41488;(33, 10, 11, 3, 41488);הנחש;3;(33, 10, 11, 8, 162616);אם ישך הנחש בלוא לחש ואין יתרון לבעל הלשון
(317322, 61, 4);[8, 10, 300, 40];משיח;79043;(39, 25, 8, 6, 79043);חזק;1;(39, 25, 8, 13, 317322);כי אם בא אתה עשה חזק למלחמה יכשילך האלהים לפני אויב כי יש כח באלהים לעזור ולהכשיל
(330680, 61, 4);[8, 10, 300, 40];משיח;82179;(39, 32, 32, 4, 82179);וחסדיו;2;(39, 32, 32, 17, 330680);ויתר דברי יחזקיהו וחסדיו הנם כתובים בחזון ישעיהו בן אמוץ הנביא על ספר מלכי יהודה וישראל
(16149, 62, 4);[8, 10, 300, 40];משיח;4064;(27, 35, 5, 7, 4064);דוחה;3;(27, 35, 5, 26, 16149);יהיו כמץ לפני רוח ומלאך יהוה דוחה
(27614, 62, 4);[8, 10, 300, 40];משיח;6931;(27, 55, 16, 5, 6931);חיים;1;(27, 55, 16, 20, 27614);ישימות   עלימו ירדו שאול חיים כי רעות במגורם בקרבם
(48913, 62, 4);[8, 10, 300, 40];משיח;12184;(27, 90, 14, 5, 12184);ונשמחה;5;(27, 90, 14, 24, 48913);שבענו בבקר חסדך ונרננה ונשמחה בכל ימינו
(72943, 62, 4);[8, 10, 300, 40];משיח;18126;(27, 136, 26, 6, 18126);חסדו;1;(27, 136, 26, 20, 72943);הודו לאל השמים כי לעולם חסדו
(226450, 62, 4);[8, 10, 300, 40];משיח;57071;(37, 7, 56, 4, 57071);חטיפא;1;(37, 7, 56, 11, 226450);בני נציח בני חטיפא
(327269, 62, 4);[8, 10, 300, 40];משיח;81395;(39, 31, 3, 11, 81395);ולחדשים;3;(39, 31, 3, 49, 327269);ומנת המלך מן רכושו לעלות לעלות הבקר והערב והעלות לשבתות ולחדשים ולמעדים ככתוב בתורת יהוה
(120425, 63, 4);[8, 10, 300, 40];משיח;30442;(29, 21, 4, 8, 30442);רוחי;3;(29, 21, 4, 29, 120425);האנכי לאדם שיחי ואם מדוע לא תקצר רוחי
(219245, 63, 4);[8, 10, 300, 40];משיח;55338;(37, 3, 9, 8, 55338);חצי;1;(37, 3, 9, 23, 219245);ועל ידם החזיק רפיה בן חור שר חצי פלך ירושלם
(273256, 63, 4);[8, 10, 300, 40];משיח;68340;(38, 23, 17, 10, 68340);אחרים;2;(38, 23, 17, 42, 273256);ויהיו בני אליעזר רחביה הראש ולא היה לאליעזר בנים אחרים ובני רחביה רבו למעלה
(26225, 64, 4);[8, 10, 300, 40];משיח;6580;(27, 51, 21, 2, 6580);תחפץ;2;(27, 51, 21, 4, 26225);אז תחפץ זבחי צדק עולה וכליל אז יעלו על מזבחך פרים
(88674, 64, 4);[8, 10, 300, 40];משיח;22088;(28, 12, 28, 3, 22088);חיים;1;(28, 12, 28, 9, 88674);בארח צדקה חיים ודרך נתיבה אל מות
(125821, 64, 4);[8, 10, 300, 40];משיח;31841;(29, 29, 20, 6, 31841);תחליף;2;(29, 29, 20, 23, 125821);כבודי חדש עמדי וקשתי בידי תחליף
(321731, 65, 4);[8, 10, 300, 40];משיח;80109;(39, 28, 12, 17, 80109);חדלי;1;(39, 28, 12, 72, 321731);ויקמו אנשים מראשי בני אפרים עזריהו בן יהוחנן ברכיהו בן משלמות ויחזקיהו בן שלם ועמשא בן חדלי על הבאים מן הצבא
(86011, 66, 4);[8, 10, 300, 40];משיח;21411;(28, 9, 15, 5, 21411);ארחותם;3;(28, 9, 15, 22, 86011);לקרא לעברי דרך המישרים ארחותם
(195562, 66, 4);[8, 10, 300, 40];משיח;49634;(35, 9, 21, 9, 49634);בחזון;2;(35, 9, 21, 37, 195562);ועוד אני מדבר בתפלה והאיש גבריאל אשר ראיתי בחזון בתחלה מעף ביעף נגע אלי כעת מנחת ערב
(227692, 66, 4);[8, 10, 300, 40];משיח;57362;(37, 8, 5, 1, 57362);ויפתח;5;(37, 8, 5, 5, 227692);ויפתח עזרא הספר לעיני כל העם כי מעל כל העם היה וכפתחו עמדו כל העם
(278341, 66, 4);[8, 10, 300, 40];משיח;69479;(38, 27, 4, 6, 69479);האחוחי;3;(38, 27, 4, 23, 278341);ועל מחלקת החדש השני דודי האחוחי ומחלקתו ומקלות הנגיד ועל מחלקתו עשרים וארבעה אלף
(83281, 67, 4);[8, 10, 300, 40];משיח;20709;(28, 6, 18, 2, 20709);חרש;1;(28, 6, 18, 3, 83281);לב חרש מחשבות און רגלים ממהרות לרוץ לרעה
(85802, 67, 4);[8, 10, 300, 40];משיח;21356;(28, 9, 8, 2, 21356);תוכח;4;(28, 9, 8, 6, 85802);אל תוכח לץ פן ישנאך הוכח לחכם ויאהבך
(121539, 67, 4);[8, 10, 300, 40];משיח;30722;(29, 22, 10, 4, 30722);פחים;2;(29, 22, 10, 14, 121539);על כן סביבותיך פחים ויבהלך פחד פתאם
(278753, 67, 4);[8, 10, 300, 40];משיח;69570;(38, 27, 11, 8, 69570);מחלקתו;2;(38, 27, 11, 35, 278753);השמיני לחדש השמיני סבכי החשתי לזרחי ועל מחלקתו עשרים וארבעה אלף
(320173, 67, 4);[8, 10, 300, 40];משיח;79722;(39, 26, 20, 16, 79722);נדחף;3;(39, 26, 20, 66, 320173);ויפן אליו עזריהו כהן הראש וכל הכהנים והנה הוא מצרע במצחו ויבהלוהו משם וגם הוא נדחף לצאת כי נגעו יהוה
(112036, 68, 4);[8, 10, 300, 40];משיח;28265;(29, 9, 13, 6, 28265);שחחו;2;(29, 9, 13, 19, 112036);אלוה לא ישיב אפו תחתו  שחחו עזרי רהב
(247318, 68, 4);[8, 10, 300, 40];משיח;62004;(38, 5, 39, 5, 62004);וחלקיה;2;(38, 5, 39, 19, 247318);ושלום הוליד את חלקיה וחלקיה הוליד את עזריה
(274398, 68, 4);[8, 10, 300, 40];משיח;68605;(38, 24, 6, 23, 68605);אחז;2;(38, 24, 6, 98, 274398);ויכתבם שמעיה בן נתנאל הסופר מן הלוי לפני המלך והשרים וצדוק הכהן ואחימלך בן אביתר וראשי האבות לכהנים וללוים בית אב אחד אחז לאלעזר ואחז אחז לאיתמר
(18836, 69, 4);[8, 10, 300, 40];משיח;4726;(27, 38, 11, 4, 4726);כחי;2;(27, 38, 11, 15, 18836);לבי סחרחר עזבני כחי ואור עיני גם הם אין אתי
(20589, 69, 4);[8, 10, 300, 40];משיח;5168;(27, 41, 5, 4, 5168);חנני;1;(27, 41, 5, 13, 20589);אני אמרתי יהוה חנני רפאה נפשי כי חטאתי לך
(71321, 69, 4);[8, 10, 300, 40];משיח;17713;(27, 132, 16, 4, 17713);וחסידיה;2;(27, 132, 16, 16, 71321);וכהניה אלביש ישע וחסידיה רנן ירננו
(140047, 69, 4);[8, 10, 300, 40];משיח;35537;(30, 5, 4, 5, 35537);החר;2;(30, 5, 4, 14, 140047);דודי שלח ידו מן החר ומעי המו עליו
(156366, 69, 4);[8, 10, 300, 40];משיח;39759;(33, 3, 20, 5, 39759);אחד;2;(33, 3, 20, 15, 156366);הכל הולך אל מקום אחד הכל היה מן העפר והכל שב אל העפר
(7739, 70, 4);[8, 10, 300, 40];משיח;1953;(27, 18, 46, 4, 1953);ויחרגו;3;(27, 18, 46, 13, 7739);בני נכר יבלו ויחרגו ממסגרותיהם
(127115, 70, 4);[8, 10, 300, 40];משיח;32174;(29, 31, 10, 2, 32174);לאחר;3;(29, 31, 10, 7, 127115);תטחן לאחר אשתי ועליה יכרעון אחרין
(154941, 70, 4);[8, 10, 300, 40];משיח;39366;(33, 2, 16, 4, 39366);לחכם;2;(33, 2, 16, 12, 154941);כי אין זכרון לחכם עם הכסיל לעולם בשכבר הימים הבאים הכל נשכח ואיך ימות החכם עם הכסיל
(242633, 70, 4);[8, 10, 300, 40];משיח;60890;(38, 2, 55, 1, 60890);ומשפחות;5;(38, 2, 55, 5, 242633);ומשפחות ספרים ישבו  יעבץ תרעתים שמעתים שוכתים המה הקינים הבאים מחמת אבי בית רכב
(259238, 70, 4);[8, 10, 300, 40];משיח;64884;(38, 12, 25, 10, 64884);חלוצי;1;(38, 12, 25, 38, 259238);בני יהודה נשאי צנה ורמח ששת אלפים ושמונה מאות חלוצי צבא
(275829, 70, 4);[8, 10, 300, 40];משיח;68920;(38, 25, 9, 9, 68920);ואחיו;3;(38, 25, 9, 40, 275829);ויצא הגורל הראשון לאסף ליוסף גדליהו השני הוא ואחיו ובניו שנים עשר
(60673, 71, 4);[8, 10, 300, 40];משיח;15073;(27, 109, 26, 5, 15073);כחסדך;2;(27, 109, 26, 22, 60673);עזרני יהוה אלהי הושיעני כחסדך
(161390, 71, 4);[8, 10, 300, 40];משיח;41164;(33, 9, 4, 12, 41164);חי;1;(33, 9, 4, 34, 161390);כי מי אשר יבחר  אל כל החיים יש בטחון כי לכלב חי הוא טוב מן האריה המת
(202019, 71, 4);[8, 10, 300, 40];משיח;51211;(36, 2, 21, 3, 51211);לחם;2;(36, 2, 21, 8, 202019);בני בית לחם מאה עשרים ושלשה
(264470, 71, 4);[8, 10, 300, 40];משיח;66119;(38, 16, 31, 1, 66119);ישמחו;4;(38, 16, 31, 4, 264470);ישמחו השמים ותגל הארץ ויאמרו בגוים יהוה מלך
(294853, 71, 4);[8, 10, 300, 40];משיח;73518;(39, 8, 18, 19, 73518);וחמשים;2;(39, 8, 18, 77, 294853);וישלח לו חורם ביד עבדיו אוניות  ועבדים יודעי ים ויבאו עם עבדי שלמה אופירה ויקחו משם ארבע מאות וחמשים ככר זהב ויביאו אל המלך שלמה
(55051, 72, 4);[8, 10, 300, 40];משיח;13727;(27, 104, 15, 8, 13727);ולחם;3;(27, 104, 15, 32, 55051);ויין ישמח לבב אנוש להצהיל פנים משמן ולחם לבב אנוש יסעד
(211111, 72, 4);[8, 10, 300, 40];משיח;53428;(36, 8, 1, 8, 53428);ארתחשסתא;4;(36, 8, 1, 39, 211111);ואלה ראשי אבתיהם והתיחשם העלים עמי במלכות ארתחשסתא המלך מבבל
(242734, 72, 4);[8, 10, 300, 40];משיח;60914;(38, 3, 1, 11, 60914);לאחינעם;3;(38, 3, 1, 41, 242734);ואלה היו בני דויד אשר נולד לו בחברון הבכור אמנן לאחינעם היזרעאלית שני דניאל לאביגיל הכרמלית
(287258, 72, 4);[8, 10, 300, 40];משיח;71616;(39, 4, 5, 2, 71616);טפח;3;(39, 4, 5, 8, 287258);ועביו טפח ושפתו כמעשה שפת כוס פרח שושנה מחזיק בתים שלשת אלפים יכיל
(74642, 73, 4);[8, 10, 300, 40];משיח;18563;(27, 140, 12, 10, 18563);למדחפת;4;(27, 140, 12, 35, 74642);איש לשון בל יכון בארץ איש חמס רע יצודנו למדחפת
(142151, 73, 4);[8, 10, 300, 40];משיח;36046;(30, 8, 10, 2, 36046);חומה;1;(30, 8, 10, 4, 142151);אני חומה ושדי כמגדלות אז הייתי בעיניו כמוצאת שלום
(159751, 73, 4);[8, 10, 300, 40];משיח;40714;(33, 7, 22, 11, 40714);אחרים;2;(33, 7, 22, 32, 159751);כי גם פעמים רבות ידע לבך אשר גם את  קללת אחרים
(276907, 73, 4);[8, 10, 300, 40];משיח;69159;(38, 26, 9, 5, 69159);חיל;1;(38, 26, 9, 22, 276907);ולמשלמיהו בנים ואחים בני חיל שמונה עשר
(286647, 73, 4);[8, 10, 300, 40];משיח;71470;(39, 3, 12, 12, 71470);חמש;1;(39, 3, 12, 47, 286647);וכנף הכרוב האחד אמות חמש מגיע לקיר הבית והכנף האחרת אמות חמש דבקה לכנף הכרוב האחר
(20359, 74, 4);[8, 10, 300, 40];משיח;5111;(27, 40, 16, 7, 5111);האח;3;(27, 40, 16, 24, 20359);ישמו על עקב בשתם האמרים לי האח האח
(25313, 74, 4);[8, 10, 300, 40];משיח;6361;(27, 50, 14, 1, 6361);זבח;3;(27, 50, 14, 3, 25313);זבח לאלהים תודה ושלם לעליון נדריך
(88361, 74, 4);[8, 10, 300, 40];משיח;22007;(28, 12, 17, 1, 22007);יפיח;4;(28, 12, 17, 4, 88361);יפיח אמונה יגיד צדק ועד שקרים מרמה
(104184, 74, 4);[8, 10, 300, 40];משיח;26200;(28, 30, 22, 8, 26200);לחם;2;(28, 30, 22, 25, 104184);תחת עבד כי ימלוך ונבל כי ישבע לחם
(129189, 74, 4);[8, 10, 300, 40];משיח;32730;(29, 33, 16, 6, 32730);יחתם;2;(29, 33, 16, 22, 129189);אז יגלה אזן אנשים ובמסרם יחתם
(205173, 74, 4);[8, 10, 300, 40];משיח;51960;(36, 4, 7, 2, 51960);ארתחששתא;4;(36, 4, 7, 9, 205173);ובימי ארתחששתא כתב בשלם מתרדת טבאל ושאר כנותו  על ארתחששתא  מלך פרס וכתב הנשתון כתוב ארמית ומתרגם ארמית
(277992, 74, 4);[8, 10, 300, 40];משיח;69400;(38, 26, 31, 15, 69400);חיל;1;(38, 26, 31, 74, 277992);לחברוני יריה הראש לחברוני לתלדתיו לאבות בשנת הארבעים למלכות דויד נדרשו וימצא בהם גבורי חיל ביעזיר גלעד
(323316, 74, 4);[8, 10, 300, 40];משיח;80487;(39, 29, 10, 11, 80487);חרון;1;(39, 29, 10, 41, 323316);עתה עם לבבי לכרות ברית ליהוה אלהי ישראל וישב ממנו חרון אפו
(336136, 74, 4);[8, 10, 300, 40];משיח;83470;(39, 35, 18, 3, 83470);פסח;3;(39, 35, 18, 10, 336136);ולא נעשה פסח כמהו בישראל מימי שמואל הנביא וכל מלכי ישראל לא עשו כפסח אשר עשה יאשיהו והכהנים והלוים וכל יהודה וישראל הנמצא ויושבי ירושלם
(159217, 75, 4);[8, 10, 300, 40];משיח;40559;(33, 7, 9, 9, 40559);ינוח;4;(33, 7, 9, 35, 159217);אל תבהל ברוחך לכעוס כי כעס בחיק כסילים ינוח
(163410, 75, 4);[8, 10, 300, 40];משיח;41703;(33, 11, 9, 2, 41703);בחור;2;(33, 11, 9, 5, 163410);שמח בחור בילדותיך ויטיבך לבך בימי בחורותך והלך בדרכי לבך ובמראי עיניך ודע כי על כל אלה יביאך האלהים במשפט
(190392, 75, 4);[8, 10, 300, 40];משיח;48390;(35, 6, 27, 26, 48390);תתחבל;3;(35, 6, 27, 94, 190392);מן קדמי שים טעם די בכל שלטן מלכותי להון זאעין  ודחלין מן קדם אלהה די דניאל די הוא אלהא חיא וקים לעלמין ומלכותה די לא תתחבל ושלטנה עד סופא
(247673, 75, 4);[8, 10, 300, 40];משיח;62090;(38, 6, 10, 4, 62090);ואחימות;3;(38, 6, 10, 16, 247673);ובני אלקנה עמשי ואחימות
(250520, 75, 4);[8, 10, 300, 40];משיח;62789;(38, 7, 11, 8, 62789);חילים;1;(38, 7, 11, 30, 250520);כל אלה בני ידיעאל לראשי האבות גבורי חילים שבעה עשר אלף ומאתים יצאי צבא למלחמה
(11385, 76, 4);[8, 10, 300, 40];משיח;2861;(27, 26, 1, 9, 2861);בטחתי;3;(27, 26, 1, 36, 11385);לדוד שפטני יהוה כי אני בתמי הלכתי וביהוה בטחתי לא אמעד
(56190, 76, 4);[8, 10, 300, 40];משיח;14008;(27, 105, 20, 1, 14008);שלח;3;(27, 105, 20, 3, 56190);שלח מלך ויתירהו משל עמים ויפתחהו
(74628, 76, 4);[8, 10, 300, 40];משיח;18560;(27, 140, 12, 7, 18560);חמס;1;(27, 140, 12, 21, 74628);איש לשון בל יכון בארץ איש חמס רע יצודנו למדחפת
(221080, 76, 4);[8, 10, 300, 40];משיח;55784;(37, 4, 2, 3, 55784);יחדו;2;(37, 4, 2, 11, 221080);ויקשרו כלם יחדו לבוא להלחם בירושלם ולעשות לו תועה
(237984, 76, 4);[8, 10, 300, 40];משיח;59727;(37, 13, 17, 14, 59727);ומחללים;3;(37, 13, 17, 49, 237984);ואריבה את חרי יהודה ואמרה להם מה הדבר הרע הזה אשר אתם עשים ומחללים את יום השבת
(327904, 76, 4);[8, 10, 300, 40];משיח;81531;(39, 31, 13, 9, 81531);ומחת;3;(39, 31, 13, 53, 327904);ויחיאל ועזזיהו ונחת ועשהאל וירימות ויוזבד ואליאל ויסמכיהו ומחת ובניהו פקידים מיד כונניהו  ושמעי אחיו במפקד יחזקיהו המלך ועזריהו נגיד בית האלהים
(336481, 76, 4);[8, 10, 300, 40];משיח;83555;(39, 35, 22, 9, 83555);התחפש;3;(39, 35, 22, 32, 336481);ולא הסב יאשיהו פניו ממנו כי להלחם בו התחפש ולא שמע אל דברי נכו מפי אלהים ויבא להלחם בבקעת מגדו
(25808, 77, 4);[8, 10, 300, 40];משיח;6482;(27, 51, 7, 4, 6482);ובחטא;3;(27, 51, 7, 16, 25808);הן בעוון חוללתי ובחטא יחמתני אמי
(101947, 77, 4);[8, 10, 300, 40];משיח;25610;(28, 28, 8, 5, 25610);לחונן;2;(28, 28, 8, 21, 101947);מרבה הונו בנשך ובתרבית  לחונן דלים יקבצנו
(325500, 77, 4);[8, 10, 300, 40];משיח;80994;(39, 30, 6, 20, 80994);יצחק;3;(39, 30, 6, 86, 325500);וילכו הרצים באגרות מיד המלך ושריו בכל ישראל ויהודה וכמצות המלך לאמר בני ישראל שובו אל יהוה אלהי אברהם יצחק וישראל וישב אל הפליטה הנשארת לכם מכף מלכי אשור
(336832, 77, 4);[8, 10, 300, 40];משיח;83630;(39, 35, 27, 3, 83630);והאחרנים;4;(39, 35, 27, 17, 336832);ודבריו הראשנים והאחרנים הנם כתובים על ספר מלכי ישראל ויהודה
(54890, 78, 4);[8, 10, 300, 40];משיח;13690;(27, 104, 11, 3, 13690);חיתו;1;(27, 104, 11, 7, 54890);ישקו כל חיתו שדי ישברו פראים צמאם
(98006, 78, 4);[8, 10, 300, 40];משיח;24568;(28, 23, 29, 11, 24568);חנם;1;(28, 23, 29, 37, 98006);למי אוי למי אבוי למי מדונים  למי שיח למי פצעים חנם למי חכללות עינים
(222638, 78, 4);[8, 10, 300, 40];משיח;56136;(37, 5, 9, 12, 56136);מחרפת;2;(37, 5, 9, 45, 222638);ויאמר  לא טוב הדבר אשר אתם עשים הלוא ביראת אלהינו תלכו מחרפת הגוים אויבינו
(323930, 78, 4);[8, 10, 300, 40];משיח;80637;(39, 29, 19, 5, 80637);הזניח;5;(39, 29, 19, 18, 323930);ואת כל הכלים אשר הזניח המלך אחז במלכותו במעלו הכנו והקדשנו והנם לפני מזבח יהוה
(335183, 78, 4);[8, 10, 300, 40];משיח;83260;(39, 35, 4, 4, 83260);כמחלקותיכם;3;(39, 35, 4, 20, 335183);והכונו לבית אבותיכם כמחלקותיכם בכתב דויד מלך ישראל ובמכתב שלמה בנו
(11795, 79, 4);[8, 10, 300, 40];משיח;2964;(27, 27, 3, 4, 2964);מחנה;2;(27, 27, 3, 11, 11795);אם תחנה עלי מחנה לא יירא לבי אם תקום עלי מלחמה בזאת אני בוטח
(25831, 79, 4);[8, 10, 300, 40];משיח;6488;(27, 51, 8, 4, 6488);בטחות;3;(27, 51, 8, 12, 25831);הן אמת חפצת בטחות ובסתם חכמה תודיעני
(30314, 79, 4);[8, 10, 300, 40];משיח;7606;(27, 61, 1, 1, 7606);למנצח;5;(27, 61, 1, 5, 30314);למנצח על נגינת לדוד
(224409, 79, 4);[8, 10, 300, 40];משיח;56573;(37, 6, 15, 4, 56573);וחמשה;2;(37, 6, 15, 18, 224409);ותשלם החומה בעשרים וחמשה לאלול לחמשים ושנים יום
(325684, 79, 4);[8, 10, 300, 40];משיח;81037;(39, 30, 8, 20, 81037);חרון;1;(39, 30, 8, 80, 325684);עתה אל תקשו ערפכם כאבותיכם תנו יד ליהוה ובאו למקדשו אשר הקדיש לעולם ועבדו את יהוה אלהיכם וישב מכם חרון אפו
(30397, 80, 4);[8, 10, 300, 40];משיח;7627;(27, 61, 4, 3, 7627);מחסה;2;(27, 61, 4, 8, 30397);כי היית מחסה לי מגדל עז מפני אויב
(260518, 80, 4);[8, 10, 300, 40];משיח;65193;(38, 13, 7, 11, 65193);ואחיו;3;(38, 13, 7, 46, 260518);וירכיבו את ארון האלהים על עגלה חדשה מבית אבינדב ועזא ואחיו נהגים בעגלה
(299821, 80, 4);[8, 10, 300, 40];משיח;74749;(39, 12, 9, 18, 74749);לקח;3;(39, 12, 9, 65, 299821);ויעל שישק מלך מצרים על ירושלם ויקח את אצרות בית יהוה ואת אצרות בית המלך את הכל לקח ויקח את מגני הזהב אשר עשה שלמה
(6811, 81, 4);[8, 10, 300, 40];משיח;1722;(27, 18, 14, 8, 1722);וגחלי;3;(27, 18, 14, 32, 6811);וירעם בשמים יהוה ועליון יתן קלו ברד וגחלי אש
(69177, 81, 4);[8, 10, 300, 40];משיח;17178;(27, 123, 2, 18, 17178);שיחננו;3;(27, 123, 2, 67, 69177);הנה כעיני עבדים אל יד אדוניהם כעיני שפחה אל יד גברתה כן עינינו אל יהוה אלהינו עד שיחננו
(157076, 81, 4);[8, 10, 300, 40];משיח;39961;(33, 4, 12, 7, 39961);והחוט;3;(33, 4, 12, 29, 157076);ואם יתקפו האחד השנים יעמדו נגדו והחוט המשלש לא במהרה ינתק
(253796, 81, 4);[8, 10, 300, 40];משיח;63579;(38, 9, 18, 5, 63579);מזרחה;4;(38, 9, 18, 18, 253796);ועד הנה בשער המלך מזרחה המה השערים למחנות בני לוי
(316359, 81, 4);[8, 10, 300, 40];משיח;78801;(39, 24, 21, 7, 78801);בחצר;2;(39, 24, 21, 31, 316359);ויקשרו עליו וירגמהו אבן במצות המלך בחצר בית יהוה
(242734, 82, 4);[8, 10, 300, 40];משיח;60914;(38, 3, 1, 11, 60914);לאחינעם;3;(38, 3, 1, 41, 242734);ואלה היו בני דויד אשר נולד לו בחברון הבכור אמנן לאחינעם היזרעאלית שני דניאל לאביגיל הכרמלית
(249857, 82, 4);[8, 10, 300, 40];משיח;62647;(38, 6, 66, 2, 62647);חשבון;1;(38, 6, 66, 4, 249857);ואת חשבון ואת מגרשיה ואת יעזיר ואת מגרשיה
(123778, 83, 4);[8, 10, 300, 40];משיח;31312;(29, 26, 12, 5, 31312);מחץ;2;(29, 26, 12, 20, 123778);בכחו רגע הים ובתובנתו  מחץ רהב
(161291, 83, 4);[8, 10, 300, 40];משיח;41135;(33, 9, 3, 6, 41135);תחת;2;(33, 9, 3, 16, 161291);זה רע בכל אשר נעשה תחת השמש כי מקרה אחד לכל וגם לב בני האדם מלא רע והוללות בלבבם בחייהם ואחריו אל המתים
(233694, 83, 4);[8, 10, 300, 40];משיח;58774;(37, 11, 12, 1, 58774);ואחיהם;3;(37, 11, 12, 3, 233694);ואחיהם עשי המלאכה לבית שמנה מאות עשרים ושנים ועדיה בן ירחם בן פלליה בן אמצי בן זכריה בן פשחור בן מלכיה
(320791, 83, 4);[8, 10, 300, 40];משיח;79878;(39, 27, 7, 5, 79878);מלחמתיו;3;(39, 27, 7, 18, 320791);ויתר דברי יותם וכל מלחמתיו ודרכיו הנם כתובים על ספר מלכי ישראל ויהודה
(16050, 84, 4);[8, 10, 300, 40];משיח;4041;(27, 35, 3, 2, 4041);חנית;1;(27, 35, 3, 5, 16050);והרק חנית וסגר לקראת רדפי אמר לנפשי ישעתך אני
(112032, 84, 4);[8, 10, 300, 40];משיח;28264;(29, 9, 13, 5, 28264);תחתו;2;(29, 9, 13, 15, 112032);אלוה לא ישיב אפו תחתו  שחחו עזרי רהב
(166815, 84, 4);[8, 10, 300, 40];משיח;42567;(34, 2, 14, 25, 42567);חפץ;1;(34, 2, 14, 82, 166815);בערב היא באה ובבקר היא שבה אל בית הנשים שני אל יד שעשגז סריס המלך שמר הפילגשים לא תבוא עוד אל המלך כי אם חפץ בה המלך ונקראה בשם
(188594, 84, 4);[8, 10, 300, 40];משיח;47930;(35, 6, 5, 7, 47930);להשכחה;5;(35, 6, 5, 34, 188594);אדין סרכיא ואחשדרפניא הוו בעין עלה להשכחה לדניאל מצד מלכותא וכל עלה ושחיתה לא יכלין להשכחה כל קבל די מהימן הוא וכל שלו ושחיתה לא השתכחת עלוהי
(140278, 85, 4);[8, 10, 300, 40];משיח;35592;(30, 5, 8, 12, 35592);שחולת;2;(30, 5, 8, 44, 140278);השבעתי אתכם בנות ירושלם אם תמצאו את דודי מה תגידו לו שחולת אהבה אני
(250114, 85, 4);[8, 10, 300, 40];משיח;62702;(38, 7, 4, 7, 62702);מלחמה;3;(38, 7, 4, 33, 250114);ועליהם לתלדותם לבית אבותם גדודי צבא מלחמה שלשים וששה אלף כי הרבו נשים ובנים
(251682, 85, 4);[8, 10, 300, 40];משיח;63074;(38, 7, 40, 15, 63074);במלחמה;4;(38, 7, 40, 65, 251682);כל אלה בני אשר ראשי בית האבות ברורים גבורי חילים ראשי הנשיאים והתיחשם בצבא במלחמה מספרם אנשים עשרים וששה אלף
(275886, 85, 4);[8, 10, 300, 40];משיח;68933;(38, 25, 11, 4, 68933);ואחיו;3;(38, 25, 11, 18, 275886);הרביעי ליצרי בניו ואחיו שנים עשר
(92418, 86, 4);[8, 10, 300, 40];משיח;23067;(28, 17, 5, 5, 23067);שמח;3;(28, 17, 5, 16, 92418);לעג לרש חרף עשהו שמח לאיד לא ינקה
(141492, 86, 4);[8, 10, 300, 40];משיח;35874;(30, 7, 10, 1, 35874);וחכך;2;(30, 7, 10, 2, 141492);וחכך כיין הטוב הולך לדודי למישרים דובב שפתי ישנים
(276771, 86, 4);[8, 10, 300, 40];משיח;69126;(38, 26, 6, 10, 69126);חיל;1;(38, 26, 6, 42, 276771);ולשמעיה בנו נולד בנים הממשלים לבית אביהם כי גבורי חיל המה
(326234, 86, 4);[8, 10, 300, 40];משיח;81164;(39, 30, 17, 10, 81164);הפסחים;4;(39, 30, 17, 37, 326234);כי רבת בקהל אשר לא התקדשו והלוים על שחיטת הפסחים לכל לא טהור להקדיש ליהוה
(328783, 86, 4);[8, 10, 300, 40];משיח;81722;(39, 32, 5, 1, 81722);ויתחזק;4;(39, 32, 5, 4, 328783);ויתחזק ויבן את כל החומה הפרוצה ויעל על המגדלות ולחוצה החומה אחרת ויחזק את המלוא עיר דויד ויעש שלח לרב ומגנים
(149177, 87, 4);[8, 10, 300, 40];משיח;37883;(32, 2, 8, 4, 37883);חומת;1;(32, 2, 8, 14, 149177);חשב יהוה להשחית חומת בת ציון נטה קו לא השיב ידו מבלע ויאבל חל וחומה יחדו אמללו
(225845, 87, 4);[8, 10, 300, 40];משיח;56916;(37, 7, 33, 3, 56916);אחר;2;(37, 7, 33, 9, 225845);אנשי נבו אחר חמשים ושנים
(74958, 88, 4);[8, 10, 300, 40];משיח;18643;(27, 141, 7, 2, 18643);פלח;3;(27, 141, 7, 6, 74958);כמו פלח ובקע בארץ נפזרו עצמינו לפי שאול
(84001, 88, 4);[8, 10, 300, 40];משיח;20899;(28, 7, 7, 6, 20899);חסר;1;(28, 7, 7, 24, 84001);וארא בפתאים אבינה בבנים נער חסר לב
(195829, 88, 4);[8, 10, 300, 40];משיח;49698;(35, 9, 25, 10, 49698);משיח;4;(35, 9, 25, 40, 195829);ותדע ותשכל מן מצא דבר להשיב ולבנות ירושלם עד משיח נגיד שבעים שבעה ושבעים ששים ושנים תשוב ונבנתה רחוב וחרוץ ובצוק העתים
(248676, 88, 4);[8, 10, 300, 40];משיח;62362;(38, 6, 42, 8, 62362);חברון;1;(38, 6, 42, 26, 248676);ולבני אהרן נתנו את ערי המקלט את חברון ואת לבנה ואת מגרשיה ואת יתר ואת אשתמע ואת מגרשיה
(311370, 88, 4);[8, 10, 300, 40];משיח;77569;(39, 21, 4, 6, 77569);ויתחזק;4;(39, 21, 4, 24, 311370);ויקם יהורם על ממלכת אביו ויתחזק ויהרג את כל אחיו בחרב וגם משרי ישראל
(36431, 89, 4);[8, 10, 300, 40];משיח;9100;(27, 71, 21, 4, 9100);תנחמני;3;(27, 71, 21, 15, 36431);תרב גדלתי ותסב תנחמני
(80450, 89, 4);[8, 10, 300, 40];משיח;19978;(28, 3, 2, 5, 19978);חיים;1;(28, 3, 2, 15, 80450);כי ארך ימים ושנות חיים ושלום יוסיפו לך
(255727, 89, 4);[8, 10, 300, 40];משיח;64043;(38, 10, 12, 17, 64043);תחת;2;(38, 10, 12, 70, 255727);ויקומו כל איש חיל וישאו את גופת שאול ואת גופת בניו ויביאום יבישה ויקברו את עצמותיהם תחת האלה ביבש ויצומו שבעת ימים
(295343, 89, 4);[8, 10, 300, 40];משיח;73642;(39, 9, 7, 11, 73642);חכמתך;1;(39, 9, 7, 46, 295343);אשרי אנשיך ואשרי עבדיך אלה העמדים לפניך תמיד ושמעים את חכמתך
(75067, 90, 4);[8, 10, 300, 40];משיח;18671;(27, 141, 10, 4, 18671);יחד;2;(27, 141, 10, 18, 75067);יפלו במכמריו רשעים יחד אנכי עד אעבור
(100617, 90, 4);[8, 10, 300, 40];משיח;25265;(28, 26, 19, 8, 25265);משחק;3;(28, 26, 19, 24, 100617);כן איש רמה את רעהו ואמר הלא משחק אני
(220591, 90, 4);[8, 10, 300, 40];משיח;55670;(37, 3, 32, 6, 55670);החזיקו;2;(37, 3, 32, 22, 220591);ובין עלית הפנה לשער הצאן החזיקו הצרפים והרכלים
(174827, 91, 4);[8, 10, 300, 40];משיח;44587;(34, 9, 15, 9, 44587);לחדש;2;(34, 9, 15, 38, 174827);ויקהלו היהודיים  אשר בשושן גם ביום ארבעה עשר לחדש אדר ויהרגו בשושן שלש מאות איש ובבזה לא שלחו את ידם
(246263, 91, 4);[8, 10, 300, 40];משיח;61761;(38, 5, 18, 9, 61761);חיל;1;(38, 5, 18, 29, 246263);בני ראובן וגדי וחצי שבט מנשה מן בני חיל אנשים נשאי מגן וחרב ודרכי קשת ולמודי מלחמה ארבעים וארבעה אלף ושבע מאות וששים יצאי צבא
(74958, 92, 4);[8, 10, 300, 40];משיח;18643;(27, 141, 7, 2, 18643);פלח;3;(27, 141, 7, 6, 74958);כמו פלח ובקע בארץ נפזרו עצמינו לפי שאול
(143189, 92, 4);[8, 10, 300, 40];משיח;36310;(31, 1, 15, 10, 36310);אחרי;2;(31, 1, 15, 35, 143189);ותאמר הנה שבה יבמתך אל עמה ואל אלהיה שובי אחרי יבמתך
(155937, 92, 4);[8, 10, 300, 40];משיח;39643;(33, 3, 12, 11, 39643);בחייו;2;(33, 3, 12, 35, 155937);ידעתי כי אין טוב בם כי אם לשמוח ולעשות טוב בחייו
(326479, 92, 4);[8, 10, 300, 40];משיח;81223;(39, 30, 21, 11, 81223);בשמחה;4;(39, 30, 21, 48, 326479);ויעשו בני ישראל הנמצאים בירושלם את חג המצות שבעת ימים בשמחה גדולה ומהללים ליהוה יום ביום הלוים והכהנים בכלי עז ליהוה
(22342, 93, 4);[8, 10, 300, 40];משיח;5602;(27, 44, 22, 3, 5602);יחקר;2;(27, 44, 22, 10, 22342);הלא אלהים יחקר זאת כי הוא ידע תעלמות לב
(103300, 93, 4);[8, 10, 300, 40];משיח;25960;(28, 29, 25, 1, 25960);חרדת;1;(28, 29, 25, 1, 103300);חרדת אדם יתן מוקש ובוטח ביהוה ישגב
(122479, 93, 4);[8, 10, 300, 40];משיח;30973;(29, 23, 15, 6, 30973);ואפחד;4;(29, 23, 15, 23, 122479);על כן מפניו אבהל אתבונן ואפחד ממנו
(130707, 93, 4);[8, 10, 300, 40];משיח;33141;(29, 34, 36, 5, 33141);נצח;3;(29, 34, 36, 16, 130707);אבי יבחן איוב עד נצח על תשבת באנשי און
(138749, 93, 4);[8, 10, 300, 40];משיח;35220;(30, 3, 4, 18, 35220);חדר;1;(30, 3, 4, 68, 138749);כמעט שעברתי מהם עד שמצאתי את שאהבה נפשי אחזתיו ולא ארפנו עד שהביאתיו אל בית אמי ואל חדר הורתי
(208188, 93, 4);[8, 10, 300, 40];משיח;52702;(36, 6, 7, 6, 52702);פחת;2;(36, 6, 7, 21, 208188);שבקו לעבידת בית אלהא דך פחת יהודיא ולשבי יהודיא בית אלהא דך יבנון על אתרה
(309789, 93, 4);[8, 10, 300, 40];משיח;77204;(39, 20, 17, 17, 77204);תחתו;2;(39, 20, 17, 67, 309789);לא לכם להלחם בזאת התיצבו עמדו וראו את ישועת יהוה עמכם יהודה וירושלם אל תיראו ואל תחתו מחר צאו לפניהם ויהוה עמכם
(320743, 93, 4);[8, 10, 300, 40];משיח;79866;(39, 27, 6, 1, 79866);ויתחזק;4;(39, 27, 6, 4, 320743);ויתחזק יותם כי הכין דרכיו לפני יהוה אלהיו
(11088, 94, 4);[8, 10, 300, 40];משיח;2788;(27, 25, 12, 8, 2788);יבחר;3;(27, 25, 12, 27, 11088);מי זה האיש ירא יהוה יורנו בדרך יבחר
(223073, 94, 4);[8, 10, 300, 40];משיח;56245;(37, 5, 15, 1, 56245);והפחות;4;(37, 5, 15, 4, 223073);והפחות הראשנים אשר לפני הכבידו על העם ויקחו מהם בלחם ויין אחר כסף שקלים ארבעים גם נעריהם שלטו על העם ואני לא עשיתי כן מפני יראת אלהים
(253614, 94, 4);[8, 10, 300, 40];משיח;63534;(38, 9, 14, 5, 63534);חשוב;1;(38, 9, 14, 16, 253614);ומן הלוים שמעיה בן חשוב בן עזריקם בן חשביה מן בני מררי
(11048, 95, 4);[8, 10, 300, 40];משיח;2776;(27, 25, 11, 4, 2776);וסלחת;4;(27, 25, 11, 15, 11048);למען שמך יהוה וסלחת לעוני כי רב הוא
(30990, 95, 4);[8, 10, 300, 40];משיח;7785;(27, 62, 13, 3, 7785);חסד;1;(27, 62, 13, 8, 30990);ולך אדני חסד כי אתה תשלם לאיש כמעשהו
(31148, 95, 4);[8, 10, 300, 40];משיח;7825;(27, 63, 5, 3, 7825);בחיי;2;(27, 63, 5, 9, 31148);כן אברכך בחיי בשמך אשא כפי
(163740, 95, 4);[8, 10, 300, 40];משיח;41782;(33, 12, 4, 6, 41782);הטחנה;3;(33, 12, 4, 24, 163740);וסגרו דלתים בשוק בשפל קול הטחנה ויקום לקול הצפור וישחו כל בנות השיר
(109414, 96, 4);[8, 10, 300, 40];משיח;27558;(29, 5, 20, 6, 27558);חרב;1;(29, 5, 20, 23, 109414);ברעב פדך ממות ובמלחמה מידי חרב
(173039, 96, 4);[8, 10, 300, 40];משיח;44167;(34, 8, 7, 19, 44167);שלח;3;(34, 8, 7, 76, 173039);ויאמר המלך אחשורש לאסתר המלכה ולמרדכי היהודי הנה בית המן נתתי לאסתר ואתו תלו על העץ על אשר שלח ידו ביהודיים 
(173371, 96, 4);[8, 10, 300, 40];משיח;44242;(34, 8, 10, 8, 44242);וישלח;5;(34, 8, 10, 37, 173371);ויכתב בשם המלך אחשורש ויחתם בטבעת המלך וישלח ספרים ביד הרצים בסוסים רכבי הרכש האחשתרנים בני הרמכים
(198822, 96, 4);[8, 10, 300, 40];משיח;50441;(35, 11, 25, 12, 50441);למלחמה;4;(35, 11, 25, 46, 198822);ויער כחו ולבבו על מלך הנגב בחיל גדול ומלך הנגב יתגרה למלחמה בחיל גדול ועצום עד מאד ולא יעמד כי יחשבו עליו מחשבות
(214259, 96, 4);[8, 10, 300, 40];משיח;54139;(36, 9, 14, 4, 54139);ולהתחתן;5;(36, 9, 14, 20, 214259);הנשוב להפר מצותיך ולהתחתן בעמי התעבות האלה הלוא תאנף בנו עד כלה לאין שארית ופליטה
(251748, 96, 4);[8, 10, 300, 40];משיח;63089;(38, 8, 2, 1, 63089);נוחה;3;(38, 8, 2, 3, 251748);נוחה הרביעי ורפא החמישי
(129687, 97, 4);[8, 10, 300, 40];משיח;32858;(29, 33, 33, 8, 32858);חכמה;1;(29, 33, 33, 24, 129687);אם אין אתה שמע לי החרש ואאלפך חכמה
(153460, 97, 4);[8, 10, 300, 40];משיח;38979;(33, 1, 6, 10, 38979);הרוח;4;(33, 1, 6, 36, 153460);הולך אל דרום וסובב אל צפון סובב סבב הולך הרוח ועל סביבתיו שב הרוח
(251135, 97, 4);[8, 10, 300, 40];משיח;62942;(38, 7, 25, 4, 62942);ותלח;4;(38, 7, 25, 15, 251135);ורפח בנו ורשף ותלח בנו ותחן בנו
(297957, 97, 4);[8, 10, 300, 40];משיח;74293;(39, 10, 17, 8, 74293);רחבעם;2;(39, 10, 17, 36, 297957);ובני ישראל הישבים בערי יהודה וימלך עליהם רחבעם
(21595, 98, 4);[8, 10, 300, 40];משיח;5426;(27, 43, 4, 7, 5426);שמחת;3;(27, 43, 4, 24, 21595);ואבואה אל מזבח אלהים אל אל שמחת גילי ואודך בכנור אלהים אלהי
(64964, 98, 4);[8, 10, 300, 40];משיח;16159;(27, 119, 42, 2, 16159);חרפי;1;(27, 119, 42, 6, 64964);ואענה חרפי דבר כי בטחתי בדברך
(136198, 98, 4);[8, 10, 300, 40];משיח;34581;(29, 41, 24, 1, 34581);אחריו;2;(29, 41, 24, 2, 136198);אחריו יאיר נתיב יחשב תהום לשיבה
(148708, 98, 4);[8, 10, 300, 40];משיח;37762;(32, 1, 22, 15, 37762);אנחתי;3;(32, 1, 22, 50, 148708);תבא כל רעתם לפניך ועולל למו כאשר עוללת לי על כל פשעי כי רבות אנחתי ולבי דוי
(246121, 98, 4);[8, 10, 300, 40];משיח;61726;(38, 5, 15, 1, 61726);אחי;2;(38, 5, 15, 2, 246121);אחי בן עבדיאל בן גוני ראש לבית אבותם
(260082, 98, 4);[8, 10, 300, 40];משיח;65088;(38, 12, 41, 24, 65088);שמחה;3;(38, 12, 41, 112, 260082);וגם הקרובים אליהם עד יששכר וזבלון ונפתלי מביאים לחם בחמורים ובגמלים ובפרדים ובבקר מאכל קמח דבלים וצמוקים ויין ושמן ובקר וצאן לרב כי שמחה בישראל
(35088, 99, 4);[8, 10, 300, 40];משיח;8780;(27, 69, 23, 4, 8780);לפח;3;(27, 69, 23, 17, 35088);יהי שלחנם לפניהם לפח ולשלומים למוקש
(285355, 99, 4);[8, 10, 300, 40];משיח;71157;(39, 2, 10, 6, 71157);וישלח;5;(39, 2, 10, 23, 285355);ויאמר חורם מלך צר בכתב וישלח אל שלמה באהבת יהוה את עמו נתנך עליהם מלך
(331978, 99, 4);[8, 10, 300, 40];משיח;82490;(39, 33, 18, 8, 82490);החזים;2;(39, 33, 18, 32, 331978);ויתר דברי מנשה ותפלתו אל אלהיו ודברי החזים המדברים אליו בשם יהוה אלהי ישראל הנם על דברי מלכי ישראל
(90028, 100, 4);[8, 10, 300, 40];משיח;22440;(28, 14, 23, 8, 22440);למחסור;3;(28, 14, 23, 28, 90028);בכל עצב יהיה מותר ודבר שפתים אך למחסור
(92336, 100, 4);[8, 10, 300, 40];משיח;23044;(28, 17, 2, 8, 23044);יחלק;2;(28, 17, 2, 30, 92336);עבד משכיל ימשל בבן מביש ובתוך אחים יחלק נחלה
(195499, 100, 4);[8, 10, 300, 40];משיח;49618;(35, 9, 20, 11, 49618);תחנתי;2;(35, 9, 20, 48, 195499);ועוד אני מדבר ומתפלל ומתודה חטאתי וחטאת עמי ישראל ומפיל תחנתי לפני יהוה אלהי על הר קדש אלהי
(212886, 100, 4);[8, 10, 300, 40];משיח;53825;(36, 8, 33, 18, 53825);פינחס;4;(36, 8, 33, 75, 212886);וביום הרביעי נשקל הכסף והזהב והכלים בבית אלהינו על יד מרמות בן אוריה הכהן ועמו אלעזר בן פינחס ועמהם יוזבד בן ישוע ונועדיה בן בנוי הלוים
(173039, 96, 7);[8, 10, 300, 40, 5, 10, 40];מיהמשיח;44167;(34, 8, 7, 19, 44167);שלח;3;(34, 8, 7, 76, 173039);ויאמר המלך אחשורש לאסתר המלכה ולמרדכי היהודי הנה בית המן נתתי לאסתר ואתו תלו על העץ על אשר שלח ידו ביהודיים 
(88194, 17, 7);[10, 8, 10, 300, 40, 10, 40];מימשיחי;21963;(28, 12, 11, 3, 21963);ישבע;1;(28, 12, 11, 9, 88194);עבד אדמתו ישבע לחם ומרדף ריקים חסר לב
(88211, 17, 6);[8, 10, 300, 40, 10, 40];מימשיח;21967;(28, 12, 11, 7, 21967);חסר;1;(28, 12, 11, 26, 88211);עבד אדמתו ישבע לחם ומרדף ריקים חסר לב
(124299, 31, 6);[8, 10, 300, 40, 10, 40];מימשיח;31457;(29, 27, 16, 5, 31457);וכחמר;3;(29, 27, 16, 16, 124299);אם יצבר כעפר כסף וכחמר יכין מלבוש
(251933, 46, 6);[8, 10, 300, 40, 10, 40];מימשיח;63132;(38, 8, 8, 6, 63132);שלחו;3;(38, 8, 8, 24, 251933);ושחרים הוליד בשדה מואב מן שלחו אתם חושים ואת בערא נשיו
(316359, 81, 6);[8, 10, 300, 40, 10, 40];מימשיח;78801;(39, 24, 21, 7, 78801);בחצר;2;(39, 24, 21, 31, 316359);ויקשרו עליו וירגמהו אבן במצות המלך בחצר בית יהוה
(326479, 92, 6);[8, 10, 300, 40, 10, 40];מימשיח;81223;(39, 30, 21, 11, 81223);בשמחה;4;(39, 30, 21, 48, 326479);ויעשו בני ישראל הנמצאים בירושלם את חג המצות שבעת ימים בשמחה גדולה ומהללים ליהוה יום ביום הלוים והכהנים בכלי עז ליהוה
